shot_id_number,is_goal
1,0.4
8,0.45
17,0.64
20,0.62
22,0.46
33,0.47
34,0.56
35,0.52
36,0.49
37,0.55
38,0.39
45,0.46
50,0.48
55,0.36
60,0.41
62,0.32
66,0.39
67,0.38
71,0.4
72,0.38
76,0.44
80,0.36
85,0.31
86,0.42
87,0.5
92,0.48
95,0.48
97,0.47
104,0.45
113,0.3
122,0.81
123,0.44
126,0.5
133,0.55
134,0.4
141,0.4
144,0.5
150,0.41
152,0.37
153,0.37
156,0.46
159,0.68
165,0.57
172,0.53
182,0.54
192,0.42
193,0.35
196,0.51
202,0.48
205,0.36
210,0.43
211,0.54
228,0.8
250,0.63
257,0.31
260,0.5
262,0.25
264,0.44
267,0.41
279,0.59
282,0.42
293,0.47
299,0.72
300,0.44
301,0.41
317,0.45
327,0.26
328,0.28
335,0.42
346,0.64
348,0.43
360,0.39
365,0.48
379,0.34
382,0.39
390,0.61
391,0.63
392,0.41
397,0.35
417,0.31
418,0.51
420,0.35
428,0.32
429,0.42
434,0.51
439,0.73
440,0.36
451,0.45
456,0.39
459,0.38
472,0.5
480,0.35
491,0.37
497,0.41
509,0.44
511,0.43
523,0.42
533,0.42
544,0.52
546,0.26
552,0.48
555,0.75
558,0.28
560,0.24
568,0.33
571,0.63
573,0.3
576,0.96
578,0.74
591,0.39
596,0.44
597,0.49
601,0.64
605,0.34
617,0.43
625,0.38
628,0.32
634,0.52
646,0.41
649,0.54
651,0.74
654,0.87
656,0.53
657,0.48
661,0.76
669,0.4
670,0.88
680,0.63
693,0.55
694,0.44
699,0.47
711,0.38
715,0.31
718,0.39
722,0.33
723,0.38
725,0.63
734,0.43
735,0.56
737,0.52
746,0.32
747,0.54
764,0.38
766,0.38
767,0.45
771,0.29
773,0.45
774,0.43
783,0.32
784,0.23
789,0.41
792,0.45
804,0.34
809,0.32
812,0.33
813,0.26
817,0.38
818,0.42
820,0.47
825,0.29
826,0.32
829,0.4
833,0.41
855,0.44
859,0.72
862,0.3
870,0.23
876,0.41
880,0.3
886,0.85
889,0.69
891,0.43
897,0.87
902,0.37
903,0.52
908,0.27
909,0.36
920,0.25
922,0.22
924,0.48
932,0.39
934,0.31
937,0.39
938,0.53
941,0.5
943,0.46
947,0.41
950,0.35
952,0.33
954,0.85
962,0.44
963,0.46
975,0.41
979,0.36
981,0.48
983,0.32
985,0.64
989,0.42
995,0.35
998,0.32
1008,0.34
1019,0.64
1023,0.54
1026,0.33
1029,0.54
1034,0.33
1036,0.48
1038,0.34
1039,0.32
1044,0.51
1049,0.47
1051,0.68
1052,0.42
1062,0.84
1064,0.45
1066,0.3
1087,0.39
1092,0.38
1094,0.56
1098,0.41
1099,0.32
1102,0.35
1103,0.35
1118,0.44
1131,0.25
1133,0.62
1135,0.9
1138,0.39
1139,0.59
1141,0.55
1142,0.32
1151,0.31
1152,0.36
1155,0.55
1157,0.51
1165,0.23
1167,0.68
1172,0.46
1174,0.58
1178,0.44
1180,0.3
1200,0.52
1202,0.46
1209,0.38
1227,0.54
1228,0.53
1229,0.32
1237,0.75
1241,0.5
1248,0.39
1256,0.41
1277,0.29
1279,0.23
1288,0.64
1290,0.33
1293,0.32
1295,0.4
1308,0.28
1315,0.84
1319,0.66
1320,0.35
1321,0.5
1322,0.45
1331,0.38
1334,0.19
1343,0.35
1348,0.59
1349,0.51
1351,0.65
1373,0.48
1375,0.48
1380,0.58
1382,0.61
1385,0.47
1387,0.29
1394,0.37
1399,0.4
1403,0.85
1409,0.41
1413,0.49
1425,0.62
1428,0.26
1434,0.3
1444,0.88
1448,0.3
1461,0.32
1466,0.5
1476,0.38
1478,0.45
1485,0.31
1491,0.57
1494,0.52
1495,0.71
1500,0.64
1501,0.53
1503,0.29
1507,0.6
1511,0.51
1519,0.63
1524,0.43
1528,0.72
1529,0.59
1533,0.58
1538,0.82
1539,0.43
1545,0.44
1546,0.44
1550,0.32
1555,0.35
1556,0.31
1558,0.91
1559,0.44
1561,0.42
1563,0.43
1565,0.6
1574,0.39
1581,0.7
1583,0.43
1591,0.49
1594,0.3
1605,0.36
1611,0.53
1614,0.36
1617,0.49
1620,0.59
1626,0.33
1628,0.42
1630,0.46
1632,0.3
1634,0.42
1643,0.41
1651,0.45
1654,0.52
1655,0.32
1658,0.29
1659,0.52
1665,0.29
1675,0.42
1680,0.83
1690,0.44
1696,0.34
1714,0.42
1718,0.82
1721,0.44
1726,0.32
1728,0.44
1734,0.33
1735,0.36
1740,0.42
1744,0.54
1747,0.34
1752,0.23
1763,0.68
1764,0.3
1765,0.57
1769,0.48
1770,0.96
1785,0.65
1787,0.44
1788,0.53
1793,0.32
1794,0.56
1800,0.39
1812,0.47
1825,0.47
1826,0.75
1834,0.26
1843,0.29
1844,0.23
1848,0.35
1849,0.31
1860,0.34
1863,0.54
1875,0.52
1883,0.33
1890,0.35
1892,0.42
1893,0.44
1897,0.45
1905,0.47
1908,0.48
1931,0.64
1940,0.82
1943,0.44
1947,0.19
1965,0.4
1967,0.37
1968,0.35
1972,0.83
1982,0.42
1985,0.33
2005,0.36
2010,0.65
2021,0.44
2024,0.54
2027,0.14
2028,0.59
2035,0.3
2036,0.44
2043,0.57
2047,0.42
2049,0.38
2055,0.34
2065,0.55
2066,0.3
2070,0.32
2077,0.84
2081,0.52
2085,0.64
2089,0.58
2095,0.62
2097,0.55
2100,0.4
2108,0.47
2112,0.42
2113,0.63
2120,0.43
2121,0.31
2122,0.3
2139,0.44
2141,0.37
2144,0.5
2146,0.33
2148,0.17
2149,0.4
2157,0.38
2158,0.36
2159,0.5
2168,0.36
2176,0.56
2178,0.58
2181,0.36
2184,0.45
2187,0.45
2188,0.44
2190,0.34
2193,0.82
2194,0.6
2197,0.42
2202,0.69
2204,0.6
2211,0.45
2214,0.51
2215,0.71
2217,0.28
2222,0.56
2223,0.41
2226,0.4
2230,0.55
2233,0.53
2240,0.61
2246,0.29
2247,0.29
2250,0.48
2254,0.39
2257,0.85
2259,0.47
2262,0.29
2263,0.31
2266,0.29
2305,0.37
2310,0.29
2313,0.37
2319,0.34
2320,0.5
2341,0.4
2345,0.39
2350,0.68
2356,0.35
2360,0.49
2370,0.35
2374,0.56
2384,0.32
2386,0.36
2397,0.51
2398,0.36
2411,0.38
2414,0.69
2435,0.59
2439,0.67
2446,0.69
2458,0.26
2465,0.19
2466,0.38
2470,0.3
2490,0.47
2495,0.7
2501,0.41
2507,0.52
2533,0.25
2537,0.36
2538,0.2
2541,0.2
2542,0.77
2544,0.46
2554,0.32
2555,0.35
2565,0.67
2572,0.61
2573,0.31
2575,0.67
2586,0.34
2588,0.42
2594,0.58
2617,0.49
2618,0.58
2620,0.44
2623,0.83
2631,0.86
2640,0.35
2642,0.72
2647,0.51
2663,0.32
2664,0.39
2676,0.41
2680,0.81
2681,0.37
2690,0.32
2691,0.34
2693,0.51
2695,0.35
2704,0.31
2708,0.32
2709,0.81
2717,0.65
2718,0.42
2722,0.45
2728,0.5
2732,0.58
2743,0.49
2745,0.94
2752,0.45
2756,0.32
2757,0.56
2761,0.31
2769,0.39
2771,0.41
2773,0.53
2774,0.38
2776,0.23
2781,0.4
2793,0.4
2799,0.25
2800,0.41
2803,0.44
2811,0.62
2818,0.39
2824,0.6
2828,0.85
2829,0.3
2830,0.37
2842,0.63
2847,0.55
2848,0.36
2868,0.4
2870,0.37
2885,0.56
2886,0.37
2889,0.51
2902,0.65
2903,0.37
2904,0.65
2918,0.56
2919,0.39
2922,0.2
2923,0.42
2931,0.52
2945,0.3
2946,0.31
2955,0.46
2957,0.47
2960,0.51
2963,0.35
2966,0.88
2972,0.29
2973,0.3
2974,0.38
2981,0.52
2982,0.3
2984,0.58
2998,0.43
3016,0.39
3021,0.32
3023,0.73
3025,0.43
3026,0.52
3029,0.45
3034,0.7
3037,0.35
3038,0.39
3040,0.32
3051,0.43
3062,0.42
3069,0.26
3071,0.43
3076,0.84
3079,0.43
3081,0.33
3082,0.39
3084,0.3
3091,0.46
3095,0.67
3098,0.3
3104,0.29
3105,0.43
3108,0.49
3114,0.45
3118,0.4
3122,0.34
3123,0.44
3132,0.34
3138,0.49
3141,0.47
3156,0.54
3162,0.66
3167,0.36
3170,0.33
3171,0.28
3172,0.34
3176,0.95
3180,0.45
3189,0.43
3193,0.38
3198,0.32
3203,0.51
3205,0.4
3206,0.36
3215,0.36
3217,0.34
3222,0.65
3228,0.39
3229,0.28
3232,0.41
3233,0.28
3235,0.28
3238,0.42
3256,0.76
3264,0.41
3265,0.43
3273,0.34
3275,0.39
3285,0.65
3289,0.29
3294,0.4
3306,0.4
3311,0.78
3315,0.38
3318,0.39
3322,0.39
3324,0.45
3327,0.41
3334,0.55
3341,0.33
3345,0.37
3346,0.78
3352,0.42
3368,0.22
3369,0.25
3371,0.12
3372,0.4
3375,0.34
3384,0.28
3386,0.52
3387,0.28
3393,0.34
3406,0.58
3411,0.37
3412,0.43
3414,0.4
3417,0.55
3420,0.85
3423,0.87
3436,0.39
3437,0.25
3438,0.67
3442,0.28
3443,0.44
3446,0.34
3451,0.23
3461,0.56
3473,0.87
3477,0.38
3489,0.39
3491,0.34
3510,0.27
3515,0.41
3527,0.51
3530,0.65
3533,0.71
3540,0.25
3545,0.55
3553,0.34
3569,0.5
3582,0.48
3604,0.32
3605,0.28
3609,0.41
3616,0.3
3624,0.29
3628,0.63
3630,0.37
3641,0.36
3642,0.37
3648,0.19
3650,0.87
3651,0.36
3652,0.77
3660,0.39
3664,0.22
3670,0.38
3672,0.43
3680,0.43
3682,0.9
3685,0.33
3686,0.44
3689,0.42
3691,0.32
3696,0.75
3698,0.37
3705,0.28
3712,0.26
3713,0.33
3719,0.47
3721,0.25
3723,0.64
3724,0.4
3725,0.49
3727,0.23
3733,0.42
3734,0.48
3736,0.36
3742,0.33
3761,0.39
3765,0.29
3770,0.3
3774,0.4
3777,0.42
3778,0.3
3780,0.53
3781,0.4
3783,0.61
3784,0.34
3788,0.36
3790,0.34
3794,0.27
3795,0.6
3796,0.42
3801,0.38
3802,0.22
3806,0.34
3808,0.43
3813,0.44
3814,0.53
3818,0.69
3824,0.44
3836,0.44
3853,0.46
3855,0.32
3858,0.51
3861,0.54
3866,0.38
3869,0.28
3870,0.36
3874,0.8
3876,0.38
3878,0.41
3884,0.39
3890,0.5
3900,0.91
3904,0.45
3906,0.53
3907,0.5
3908,0.49
3912,0.38
3913,0.59
3914,0.36
3918,0.9
3923,0.91
3924,0.47
3925,0.46
3927,0.36
3955,0.92
3964,0.44
3966,0.3
3969,0.64
3974,0.48
3976,0.35
3984,0.26
3991,0.25
3993,0.8
4009,0.48
4011,0.46
4016,0.42
4020,0.26
4024,0.29
4033,0.31
4035,0.41
4041,0.47
4045,0.79
4052,0.71
4055,0.32
4056,0.35
4057,0.37
4067,0.88
4069,0.52
4077,0.54
4079,0.71
4094,0.28
4095,0.33
4096,0.39
4100,0.42
4119,0.39
4129,0.44
4130,0.43
4131,0.35
4132,0.47
4134,0.55
4135,0.34
4136,0.5
4137,0.73
4138,0.42
4143,0.32
4145,0.47
4148,0.33
4156,0.45
4163,0.23
4166,0.27
4169,0.67
4170,0.42
4174,0.37
4180,0.4
4190,0.35
4195,0.48
4199,0.87
4201,0.42
4203,0.32
4210,0.17
4211,0.42
4213,0.96
4225,0.49
4235,0.45
4236,0.5
4242,0.34
4244,0.33
4245,0.44
4250,0.44
4252,0.36
4254,0.35
4263,0.38
4264,0.29
4268,0.34
4270,0.4
4274,0.69
4282,0.85
4283,0.39
4291,0.3
4304,0.33
4306,0.51
4309,0.41
4310,0.43
4313,0.46
4314,0.55
4315,0.31
4321,0.41
4324,0.42
4325,0.34
4328,0.42
4329,0.3
4332,0.41
4337,0.51
4342,0.42
4344,0.42
4352,0.36
4355,0.29
4361,0.29
4366,0.35
4371,0.57
4372,0.5
4376,0.44
4381,0.51
4384,0.33
4387,0.41
4389,0.41
4390,0.43
4405,0.43
4406,0.33
4407,0.73
4409,0.91
4410,0.86
4413,0.33
4424,0.37
4428,0.35
4434,0.37
4452,0.48
4458,0.31
4460,0.3
4461,0.36
4470,0.56
4480,0.27
4496,0.89
4503,0.42
4507,0.37
4512,0.42
4518,0.62
4519,0.41
4522,0.3
4525,0.45
4537,0.4
4546,0.46
4547,0.79
4553,0.38
4556,0.41
4558,0.47
4563,0.21
4568,0.27
4574,0.64
4578,0.44
4587,0.52
4592,0.48
4594,0.35
4610,0.46
4615,0.53
4617,0.29
4619,0.42
4620,0.4
4625,0.64
4626,0.52
4635,0.34
4636,0.4
4641,0.43
4647,0.37
4650,0.38
4653,0.94
4658,0.59
4660,0.16
4665,0.39
4668,0.93
4669,0.29
4670,0.5
4674,0.37
4675,0.31
4676,0.32
4679,0.3
4680,0.88
4686,0.33
4690,0.43
4699,0.47
4711,0.33
4713,0.53
4718,0.38
4721,0.41
4722,0.35
4724,0.31
4730,0.7
4731,0.25
4733,0.61
4735,0.23
4739,0.42
4743,0.33
4745,0.33
4746,0.4
4747,0.33
4748,0.35
4761,0.33
4762,0.42
4763,0.36
4769,0.35
4771,0.3
4774,0.35
4784,0.4
4794,0.29
4797,0.42
4801,0.43
4804,0.39
4820,0.35
4833,0.41
4834,0.42
4851,0.34
4859,0.28
4860,0.81
4863,0.29
4873,0.33
4881,0.28
4892,0.4
4897,0.57
4908,0.48
4911,0.27
4915,0.21
4922,0.26
4929,0.41
4936,0.36
4939,0.33
4948,0.28
4951,0.3
4956,0.27
4961,0.48
4964,0.26
4981,0.44
4991,0.92
4992,0.32
4997,0.44
5004,0.41
5010,0.43
5012,0.35
5015,0.31
5019,0.31
5020,0.41
5021,0.39
5030,0.39
5051,0.82
5052,0.49
5057,0.77
5058,0.63
5060,0.35
5061,0.28
5064,0.74
5068,0.47
5072,0.29
5078,0.51
5080,0.48
5081,0.31
5086,0.38
5088,0.37
5089,0.52
5090,0.44
5098,0.26
5103,0.78
5108,0.39
5114,0.4
5115,0.31
5124,0.39
5129,0.34
5137,0.49
5139,0.41
5142,0.39
5144,0.23
5149,0.66
5157,0.46
5163,0.41
5174,0.26
5176,0.24
5179,0.36
5186,0.5
5195,0.28
5199,0.25
5203,0.56
5204,0.73
5206,0.27
5207,0.28
5220,0.42
5221,0.45
5224,0.43
5227,0.21
5229,0.33
5232,0.85
5240,0.68
5242,0.4
5243,0.24
5245,0.46
5248,0.4
5249,0.38
5254,0.27
5265,0.3
5269,0.32
5272,0.22
5276,0.29
5286,0.45
5288,0.41
5290,0.41
5308,0.5
5311,0.37
5316,0.36
5318,0.55
5319,0.45
5320,0.65
5322,0.26
5324,0.34
5331,0.5
5336,0.91
5344,0.36
5346,0.3
5354,0.39
5356,0.06
5358,0.34
5359,0.61
5361,0.39
5365,0.51
5370,0.33
5376,0.23
5383,0.36
5384,0.34
5385,0.41
5390,0.37
5393,0.61
5397,0.36
5398,0.3
5402,0.41
5407,0.48
5409,0.43
5424,0.73
5425,0.36
5428,0.69
5430,0.27
5439,0.39
5442,0.46
5447,0.41
5470,0.41
5473,0.44
5474,0.43
5477,0.54
5485,0.33
5488,0.28
5491,0.4
5493,0.41
5502,0.61
5504,0.33
5506,0.8
5514,0.3
5517,0.43
5522,0.32
5524,0.39
5527,0.74
5528,0.46
5536,0.46
5545,0.45
5576,0.45
5577,0.5
5582,0.35
5583,0.66
5592,0.26
5594,0.32
5595,0.22
5596,0.31
5599,0.45
5606,0.52
5617,0.39
5619,0.3
5625,0.44
5626,0.34
5627,0.64
5632,0.72
5637,0.76
5639,0.93
5642,0.55
5654,0.91
5659,0.89
5664,0.62
5666,0.31
5670,0.43
5671,0.32
5674,0.31
5677,0.44
5681,0.22
5683,0.06
5700,0.65
5710,0.62
5713,0.68
5715,0.5
5718,0.33
5720,0.26
5726,0.36
5738,0.42
5741,0.59
5743,0.36
5753,0.55
5761,0.41
5776,0.43
5780,0.3
5785,0.71
5789,0.29
5797,0.35
5798,0.62
5803,0.52
5810,0.58
5813,0.48
5817,0.33
5818,0.38
5822,0.46
5829,0.29
5845,0.76
5846,0.44
5847,0.44
5854,0.37
5858,0.44
5863,0.25
5867,0.34
5869,0.33
5870,0.42
5872,0.56
5876,0.38
5881,0.36
5886,0.53
5891,0.54
5898,0.52
5901,0.29
5914,0.83
5922,0.36
5928,0.64
5933,0.32
5934,0.75
5946,0.37
5951,0.34
5955,0.29
5956,0.9
5965,0.39
5968,0.69
5972,0.47
5978,0.38
5981,0.45
5997,0.58
6005,0.23
6009,0.28
6010,0.32
6015,0.36
6025,0.21
6039,0.51
6047,0.64
6051,0.05
6056,0.38
6061,0.33
6064,0.26
6065,0.29
6070,0.24
6071,0.42
6079,0.75
6085,0.68
6086,0.29
6091,0.44
6097,0.33
6099,0.26
6104,0.68
6106,0.82
6108,0.48
6109,0.49
6124,0.58
6140,0.37
6142,0.64
6144,0.38
6150,0.23
6154,0.54
6155,0.48
6156,0.88
6158,0.31
6159,0.89
6160,0.38
6166,0.35
6169,0.66
6170,0.03
6173,0.73
6175,0.36
6179,0.46
6184,0.48
6185,0.39
6186,0.91
6192,0.34
6204,0.24
6230,0.65
6231,0.42
6232,0.79
6235,0.36
6237,0.64
6239,0.39
6245,0.37
6263,0.4
6265,0.27
6270,0.48
6271,0.42
6278,0.41
6279,0.64
6287,0.35
6288,0.29
6294,0.46
6295,0.52
6302,0.51
6306,0.23
6322,0.86
6324,0.59
6327,0.43
6331,0.38
6334,0.37
6336,0.34
6338,0.4
6339,0.31
6362,0.45
6372,0.43
6374,0.27
6375,0.6
6390,0.39
6393,0.33
6394,0.44
6405,0.84
6406,0.26
6416,0.43
6421,0.73
6422,0.27
6440,0.83
6446,0.54
6457,0.75
6460,0.27
6463,0.44
6474,0.49
6476,0.38
6477,0.4
6482,0.56
6488,0.31
6489,0.38
6494,0.33
6495,0.88
6499,0.43
6505,0.62
6507,0.25
6511,0.29
6524,0.38
6527,0.25
6531,0.21
6536,0.5
6538,0.09
6541,0.35
6542,0.45
6550,0.29
6565,0.32
6568,0.3
6584,0.27
6588,0.4
6593,0.62
6597,0.26
6603,0.65
6609,0.59
6611,0.41
6613,0.55
6616,0.67
6622,0.27
6627,0.38
6630,0.29
6637,0.41
6639,0.79
6640,0.37
6646,0.48
6647,0.35
6648,0.91
6655,0.44
6659,0.4
6669,0.34
6680,0.26
6681,0.32
6684,0.19
6693,0.49
6694,0.31
6704,0.36
6706,0.52
6710,0.44
6713,0.49
6718,0.37
6732,0.48
6737,0.47
6739,0.26
6742,0.41
6746,0.43
6753,0.29
6771,0.46
6784,0.35
6790,0.75
6795,0.59
6796,0.59
6805,0.43
6807,0.31
6808,0.43
6818,0.44
6823,0.32
6830,0.53
6831,0.32
6832,0.44
6836,0.42
6846,0.38
6850,0.37
6854,0.36
6868,0.58
6876,0.26
6877,0.8
6881,0.18
6882,0.26
6884,0.52
6886,0.33
6901,0.35
6903,0.4
6908,0.6
6910,0.29
6913,0.43
6914,0.68
6918,0.6
6930,0.52
6941,0.41
6944,0.37
6945,0.52
6947,0.66
6949,0.58
6952,0.5
6963,0.37
6964,0.71
6966,0.4
6972,0.6
6979,0.59
6981,0.32
6988,0.64
6990,0.3
6998,0.44
7004,0.39
7005,0.52
7011,0.54
7016,0.52
7020,0.59
7027,0.46
7042,0.42
7056,0.27
7061,0.4
7069,0.53
7071,0.36
7082,0.4
7088,0.32
7095,0.64
7098,0.27
7099,0.48
7108,0.38
7121,0.59
7125,0.57
7136,0.45
7149,0.66
7150,0.37
7151,0.34
7156,0.4
7167,0.53
7177,0.63
7178,0.19
7183,0.46
7186,0.39
7190,0.25
7192,0.34
7198,0.3
7201,0.36
7202,0.24
7205,0.42
7207,0.35
7213,0.28
7224,0.48
7225,0.39
7227,0.74
7233,0.36
7236,0.65
7237,0.22
7239,0.29
7246,0.34
7248,0.38
7261,0.35
7264,0.28
7266,0.3
7274,0.32
7278,0.36
7279,0.48
7293,0.33
7297,0.35
7312,0.74
7313,0.63
7315,0.4
7322,0.41
7323,0.52
7326,0.74
7334,0.42
7341,0.35
7359,0.87
7361,0.65
7363,0.48
7365,0.37
7371,0.34
7377,0.28
7383,0.35
7390,0.72
7393,0.54
7398,0.65
7405,0.41
7410,0.48
7415,0.3
7434,0.51
7435,0.67
7438,0.5
7447,0.43
7449,0.68
7450,0.42
7452,0.29
7453,0.27
7455,0.42
7456,0.41
7457,0.74
7460,0.46
7466,0.64
7470,0.53
7474,0.3
7482,0.42
7487,0.4
7488,0.41
7492,0.62
7496,0.25
7500,0.39
7501,0.35
7505,0.27
7509,0.64
7510,0.29
7512,0.28
7514,0.23
7519,0.41
7526,0.55
7531,0.39
7533,0.27
7536,0.59
7538,0.64
7539,0.42
7541,0.35
7544,0.62
7554,0.46
7556,0.34
7563,0.49
7564,0.36
7566,0.36
7567,0.35
7580,0.38
7581,0.64
7584,0.41
7587,0.39
7589,0.4
7590,0.49
7594,0.27
7597,0.46
7599,0.45
7602,0.85
7603,0.37
7605,0.51
7609,0.52
7613,0.31
7619,0.47
7625,0.53
7626,0.55
7636,0.32
7638,0.3
7639,0.64
7641,0.45
7643,0.89
7644,0.43
7657,0.38
7661,0.51
7666,0.28
7673,0.41
7683,0.26
7685,0.49
7697,0.22
7699,0.35
7704,0.58
7705,0.31
7708,0.39
7728,0.51
7733,0.41
7741,0.49
7743,0.4
7745,0.37
7751,0.56
7752,0.38
7754,0.56
7756,0.44
7757,0.39
7770,0.29
7773,0.92
7774,0.27
7776,0.5
7777,0.24
7778,0.37
7781,0.46
7784,0.38
7789,0.42
7794,0.35
7799,0.46
7801,0.43
7818,0.31
7823,0.37
7828,0.39
7832,0.26
7839,0.47
7851,0.29
7856,0.42
7868,0.37
7869,0.32
7872,0.47
7873,0.38
7874,0.29
7878,0.24
7881,0.37
7888,0.45
7902,0.38
7913,0.27
7922,0.78
7923,0.44
7925,0.5
7926,0.42
7935,0.33
7938,0.4
7942,0.6
7945,0.43
7950,0.6
7954,0.55
7959,0.59
7963,0.21
7969,0.35
7970,0.28
7973,0.23
7977,0.39
7981,0.34
7990,0.36
8013,0.38
8020,0.5
8023,0.4
8025,0.43
8034,0.34
8039,0.32
8046,0.38
8051,0.41
8055,0.19
8060,0.44
8063,0.38
8064,0.32
8073,0.96
8074,0.49
8076,0.67
8077,0.39
8080,0.46
8082,0.43
8088,0.37
8102,0.31
8103,0.28
8104,0.32
8105,0.31
8109,0.38
8115,0.64
8121,0.45
8126,0.45
8127,0.49
8135,0.48
8152,0.42
8153,0.51
8156,0.33
8160,0.61
8161,0.44
8162,0.44
8171,0.38
8181,0.43
8183,0.34
8185,0.24
8191,0.84
8192,0.56
8200,0.39
8203,0.23
8204,0.71
8207,0.55
8208,0.53
8209,0.44
8210,0.46
8215,0.85
8217,0.22
8225,0.44
8226,0.39
8231,0.43
8233,0.13
8244,0.57
8249,0.25
8250,0.42
8258,0.38
8261,0.38
8265,0.56
8269,0.26
8278,0.28
8279,0.43
8280,0.34
8296,0.35
8299,0.34
8300,0.4
8301,0.44
8305,0.42
8327,0.46
8334,0.55
8338,0.78
8340,0.49
8349,0.44
8355,0.4
8361,0.35
8362,0.24
8364,0.3
8365,0.37
8375,0.22
8378,0.55
8379,0.88
8380,0.37
8381,0.36
8387,0.31
8399,0.77
8402,0.93
8409,0.36
8427,0.18
8429,0.46
8433,0.76
8436,0.26
8442,0.35
8445,0.31
8448,0.3
8451,0.37
8462,0.77
8464,0.32
8469,0.38
8474,0.46
8478,0.47
8482,0.35
8488,0.31
8490,0.24
8495,0.31
8498,0.41
8506,0.38
8510,0.48
8511,0.4
8527,0.38
8532,0.24
8533,0.34
8538,0.45
8541,0.38
8545,0.4
8553,0.46
8554,0.43
8555,0.35
8559,0.22
8569,0.2
8586,0.37
8593,0.38
8600,0.81
8606,0.64
8607,0.3
8609,0.6
8611,0.48
8613,0.29
8618,0.51
8624,0.39
8630,0.66
8634,0.92
8637,0.32
8650,0.58
8652,0.36
8655,0.46
8661,0.58
8669,0.42
8673,0.44
8674,0.55
8678,0.76
8682,0.46
8688,0.4
8689,0.58
8695,0.35
8698,0.33
8703,0.27
8709,0.43
8716,0.43
8723,0.44
8737,0.37
8743,0.67
8745,0.37
8747,0.4
8752,0.43
8753,0.34
8771,0.59
8773,0.31
8774,0.45
8778,0.65
8786,0.31
8794,0.72
8795,0.52
8796,0.29
8800,0.21
8801,0.19
8804,0.38
8808,0.37
8809,0.46
8812,0.86
8817,0.71
8818,0.44
8825,0.4
8830,0.34
8831,0.78
8833,0.46
8834,0.32
8836,0.28
8837,0.38
8844,0.4
8849,0.55
8851,0.41
8861,0.72
8864,0.31
8865,0.4
8867,0.35
8869,0.3
8873,0.71
8875,0.27
8880,0.59
8884,0.11
8888,0.46
8889,0.49
8891,0.73
8893,0.37
8897,0.45
8903,0.54
8905,0.36
8910,0.73
8918,0.7
8939,0.3
8940,0.37
8941,0.37
8942,0.87
8944,0.39
8949,0.43
8950,0.27
8958,0.61
8967,0.71
8973,0.33
8975,0.25
8979,0.33
8980,0.27
8991,0.25
8995,0.21
8996,0.24
8998,0.6
9000,0.46
9001,0.59
9002,0.38
9006,0.5
9013,0.63
9024,0.44
9026,0.32
9027,0.36
9034,0.45
9037,0.38
9038,0.3
9044,0.33
9050,0.4
9052,0.46
9054,0.42
9073,0.47
9078,0.59
9088,0.38
9097,0.44
9109,0.27
9112,0.54
9115,0.33
9120,0.53
9125,0.45
9128,0.43
9132,0.4
9136,0.39
9139,0.45
9140,0.31
9142,0.53
9143,0.24
9147,0.56
9154,0.31
9158,0.34
9159,0.3
9165,0.64
9172,0.35
9176,0.35
9177,0.3
9178,0.26
9179,0.3
9185,0.27
9189,0.34
9196,0.74
9199,0.32
9201,0.41
9202,0.45
9209,0.32
9210,0.46
9212,0.39
9214,0.38
9240,0.91
9241,0.31
9244,0.5
9246,0.33
9249,0.27
9250,0.31
9252,0.84
9255,0.37
9258,0.38
9263,0.26
9266,0.31
9269,0.29
9272,0.34
9276,0.58
9284,0.38
9290,0.45
9299,0.28
9303,0.45
9310,0.21
9311,0.41
9314,0.39
9315,0.6
9325,0.39
9328,0.44
9329,0.61
9332,0.66
9337,0.35
9353,0.29
9354,0.37
9355,0.39
9356,0.54
9362,0.67
9364,0.37
9366,0.37
9377,0.44
9382,0.29
9387,0.88
9388,0.96
9396,0.51
9400,0.31
9406,0.47
9407,0.47
9411,0.46
9416,0.52
9417,0.87
9423,0.73
9424,0.4
9425,0.5
9426,0.39
9427,0.44
9429,0.59
9430,0.72
9434,0.42
9442,0.44
9448,0.43
9458,0.42
9476,0.5
9481,0.34
9483,0.51
9484,0.38
9486,0.47
9487,0.69
9488,0.5
9490,0.36
9502,0.83
9505,0.29
9509,0.63
9515,0.39
9516,0.4
9531,0.31
9532,0.42
9536,0.2
9539,0.46
9542,0.58
9549,0.27
9550,0.41
9551,0.43
9553,0.33
9554,0.41
9561,0.5
9564,0.36
9566,0.5
9571,0.48
9577,0.22
9584,0.41
9592,0.47
9596,0.72
9602,0.31
9603,0.33
9604,0.65
9608,0.61
9609,0.54
9613,0.32
9623,0.3
9630,0.84
9633,0.53
9647,0.4
9648,0.44
9655,0.29
9657,0.35
9665,0.55
9666,0.55
9668,0.33
9670,0.25
9677,0.45
9678,0.44
9679,0.37
9693,0.9
9718,0.85
9720,0.62
9744,0.46
9745,0.28
9746,0.62
9753,0.31
9758,0.61
9759,0.37
9763,0.38
9766,0.4
9767,0.39
9777,0.55
9781,0.41
9783,0.21
9789,0.3
9790,0.48
9799,0.46
9802,0.22
9803,0.4
9805,0.59
9807,0.38
9812,0.39
9818,0.25
9819,0.51
9820,0.69
9822,0.53
9824,0.45
9834,0.59
9836,0.33
9846,0.68
9847,0.37
9856,0.32
9864,0.79
9867,0.31
9869,0.36
9875,0.39
9880,0.4
9885,0.53
9889,0.88
9894,0.43
9901,0.24
9909,0.91
9914,0.11
9915,0.73
9919,0.37
9920,0.72
9933,0.39
9940,0.51
9946,0.64
9948,0.2
9956,0.5
9958,0.54
9959,0.42
9962,0.36
9967,0.46
9973,0.49
9976,0.34
9978,0.4
9982,0.43
9987,0.43
9988,0.42
9989,0.33
9991,0.78
9992,0.4
9994,0.35
10000,0.14
10002,0.64
10005,0.32
10008,0.29
10009,0.39
10011,0.39
10021,0.3
10022,0.7
10053,0.34
10058,0.66
10066,0.27
10074,0.35
10076,0.4
10090,0.67
10092,0.27
10098,0.39
10099,0.34
10102,0.43
10103,0.3
10104,0.4
10106,0.58
10108,0.61
10113,0.54
10117,0.51
10119,0.29
10122,0.44
10125,0.46
10140,0.52
10147,0.49
10155,0.32
10159,0.45
10164,0.48
10175,0.35
10176,0.57
10178,0.4
10186,0.45
10200,0.42
10204,0.74
10206,0.52
10211,0.5
10212,0.34
10217,0.44
10218,0.44
10220,0.37
10230,0.54
10233,0.83
10234,0.42
10235,0.32
10239,0.39
10240,0.35
10242,0.38
10243,0.18
10245,0.35
10246,0.7
10247,0.31
10250,0.4
10254,0.71
10257,0.65
10260,0.41
10261,0.79
10265,0.34
10273,0.45
10274,0.34
10276,0.43
10277,0.36
10289,0.94
10290,0.23
10298,0.43
10301,0.41
10304,0.37
10305,0.45
10311,0.55
10313,0.26
10320,0.26
10323,0.34
10326,0.44
10328,0.33
10332,0.75
10336,0.84
10343,0.26
10348,0.37
10350,0.5
10351,0.33
10354,0.29
10365,0.45
10372,0.32
10373,0.59
10377,0.32
10380,0.33
10383,0.38
10396,0.44
10397,0.66
10399,0.62
10400,0.45
10401,0.31
10402,0.37
10403,0.63
10410,0.85
10412,0.49
10415,0.34
10424,0.47
10428,0.37
10432,0.29
10443,0.3
10462,0.47
10472,0.67
10477,0.33
10479,0.32
10482,0.29
10484,0.45
10490,0.58
10493,0.38
10495,0.52
10497,0.4
10516,0.31
10521,0.38
10522,0.36
10523,0.57
10528,0.45
10530,0.39
10532,0.38
10533,0.43
10535,0.3
10543,0.77
10547,0.4
10552,0.37
10558,0.3
10564,0.49
10566,0.49
10571,0.34
10572,0.33
10574,0.25
10583,0.74
10600,0.43
10607,0.47
10608,0.37
10614,0.27
10630,0.39
10634,0.49
10635,0.39
10641,0.56
10643,0.36
10644,0.56
10647,0.28
10648,0.4
10661,0.48
10669,0.38
10675,0.38
10686,0.58
10704,0.31
10707,0.44
10709,0.71
10710,0.46
10722,0.45
10736,0.68
10738,0.31
10764,0.39
10767,0.65
10776,0.29
10779,0.59
10780,0.81
10781,0.36
10792,0.64
10797,0.34
10798,0.37
10801,0.46
10802,0.33
10805,0.39
10808,0.4
10810,0.62
10816,0.41
10817,0.4
10818,0.38
10829,0.7
10843,0.69
10858,0.36
10866,0.41
10874,0.42
10876,0.4
10887,0.36
10890,0.27
10891,0.33
10896,0.34
10900,0.49
10905,0.34
10907,0.37
10914,0.18
10917,0.23
10936,0.61
10947,0.53
10948,0.64
10951,0.49
10955,0.15
10969,0.42
10984,0.36
10987,0.47
10990,0.41
10992,0.64
10996,0.47
10997,0.54
10999,0.49
11000,0.71
11001,0.44
11010,0.47
11016,0.64
11018,0.61
11024,0.27
11034,0.82
11039,0.49
11041,0.34
11047,0.25
11048,0.4
11053,0.36
11055,0.33
11056,0.42
11063,0.38
11065,0.32
11068,0.68
11070,0.34
11071,0.4
11072,0.27
11077,0.38
11079,0.7
11086,0.41
11091,0.35
11093,0.51
11094,0.44
11112,0.34
11113,0.45
11128,0.4
11135,0.44
11153,0.4
11154,0.23
11160,0.43
11163,0.36
11179,0.35
11181,0.51
11206,0.54
11207,0.41
11216,0.33
11221,0.35
11223,0.64
11228,0.41
11235,0.27
11237,0.43
11239,0.48
11244,0.23
11256,0.47
11267,0.34
11272,0.61
11281,0.34
11285,0.44
11288,0.44
11291,0.38
11293,0.3
11296,0.69
11297,0.39
11298,0.59
11299,0.27
11301,0.35
11304,0.18
11309,0.49
11313,0.43
11329,0.74
11331,0.49
11332,0.4
11337,0.41
11343,0.72
11347,0.39
11348,0.69
11355,0.77
11368,0.34
11369,0.31
11371,0.54
11378,0.51
11380,0.47
11384,0.35
11387,0.33
11392,0.24
11393,0.28
11399,0.44
11403,0.27
11404,0.15
11412,0.54
11423,0.7
11429,0.35
11430,0.49
11431,0.39
11432,0.34
11444,0.68
11450,0.95
11451,0.53
11476,0.26
11485,0.45
11488,0.34
11493,0.69
11495,0.43
11505,0.47
11508,0.93
11518,0.6
11522,0.15
11524,0.6
11533,0.43
11549,0.64
11551,0.79
11560,0.47
11563,0.46
11565,0.62
11567,0.38
11569,0.26
11589,0.47
11591,0.4
11598,0.47
11603,0.63
11604,0.44
11611,0.5
11617,0.6
11626,0.4
11627,0.41
11636,0.41
11642,0.29
11643,0.24
11648,0.53
11651,0.36
11663,0.4
11666,0.74
11685,0.37
11686,0.3
11698,0.34
11699,0.32
11700,0.39
11708,0.43
11710,0.27
11711,0.35
11713,0.29
11718,0.34
11724,0.87
11734,0.42
11736,0.36
11742,0.38
11761,0.61
11767,0.45
11768,0.35
11775,0.42
11779,0.55
11786,0.95
11790,0.43
11791,0.33
11796,0.04
11806,0.46
11808,0.48
11810,0.39
11811,0.36
11814,0.68
11816,0.39
11820,0.57
11822,0.43
11829,0.42
11832,0.38
11834,0.76
11836,0.38
11837,0.42
11844,0.4
11847,0.6
11862,0.35
11864,0.72
11865,0.43
11872,0.41
11873,0.67
11886,0.5
11894,0.44
11900,0.7
11901,0.41
11905,0.29
11906,0.28
11907,0.46
11912,0.3
11914,0.53
11915,0.28
11918,0.42
11924,0.34
11929,0.83
11930,0.21
11936,0.39
11937,0.34
11948,0.4
11954,0.37
11957,0.23
11964,0.55
11968,0.14
11972,0.67
11974,0.46
11976,0.38
11979,0.44
11981,0.33
11983,0.38
11989,0.18
11991,0.34
11998,0.5
12003,0.28
12007,0.46
12011,0.39
12014,0.42
12024,0.21
12033,0.56
12034,0.41
12041,0.5
12046,0.71
12051,0.44
12056,0.44
12064,0.32
12069,0.23
12070,0.31
12071,0.32
12072,0.38
12078,0.3
12091,0.41
12092,0.35
12094,0.27
12098,0.36
12103,0.48
12115,0.65
12118,0.72
12122,0.36
12125,0.82
12133,0.38
12135,0.26
12137,0.55
12141,0.4
12143,0.47
12144,0.77
12150,0.52
12154,0.44
12163,0.38
12164,0.39
12169,0.49
12170,0.49
12177,0.35
12193,0.52
12196,0.37
12197,0.6
12202,0.52
12206,0.45
12209,0.68
12214,0.43
12215,0.43
12218,0.7
12219,0.34
12221,0.7
12228,0.29
12233,0.55
12238,0.65
12242,0.32
12245,0.47
12247,0.39
12251,0.28
12287,0.49
12292,0.82
12303,0.39
12304,0.4
12311,0.42
12317,0.66
12318,0.43
12320,0.72
12323,0.67
12328,0.31
12333,0.55
12334,0.46
12335,0.44
12346,0.58
12352,0.62
12358,0.46
12364,0.37
12366,0.41
12376,0.29
12389,0.31
12396,0.54
12401,0.58
12402,0.87
12405,0.17
12406,0.46
12408,0.44
12410,0.77
12413,0.46
12417,0.31
12424,0.53
12425,0.36
12426,0.23
12430,0.44
12432,0.63
12433,0.35
12451,0.18
12457,0.42
12463,0.72
12465,0.55
12468,0.45
12474,0.36
12475,0.6
12476,0.6
12486,0.42
12487,0.35
12504,0.35
12514,0.45
12524,0.91
12526,0.28
12530,0.48
12532,0.21
12587,0.67
12593,0.37
12599,0.38
12600,0.49
12603,0.21
12604,0.41
12620,0.35
12624,0.95
12630,0.37
12638,0.4
12641,0.63
12643,0.79
12646,0.34
12656,0.45
12659,0.57
12666,0.49
12672,0.8
12673,0.69
12675,0.56
12678,0.59
12692,0.12
12693,0.83
12695,0.41
12700,0.45
12707,0.43
12711,0.76
12716,0.41
12717,0.66
12723,0.57
12735,0.54
12738,0.24
12742,0.38
12746,0.37
12753,0.53
12758,0.44
12760,0.34
12763,0.28
12764,0.27
12768,0.37
12772,0.34
12776,0.26
12777,0.33
12783,0.87
12801,0.39
12803,0.38
12804,0.34
12805,0.32
12817,0.45
12824,0.37
12839,0.4
12847,0.43
12850,0.94
12867,0.89
12875,0.35
12883,0.38
12885,0.48
12887,0.38
12890,0.32
12903,0.42
12906,0.38
12907,0.22
12909,0.5
12912,0.26
12914,0.49
12915,0.26
12930,0.48
12931,0.35
12934,0.34
12951,0.29
12955,0.28
12971,0.36
12972,0.43
12973,0.63
12986,0.45
12987,0.83
12988,0.41
12999,0.38
13015,0.3
13026,0.54
13036,0.43
13039,0.35
13040,0.3
13041,0.71
13043,0.79
13053,0.57
13057,0.31
13064,0.33
13066,0.39
13068,0.68
13069,0.57
13073,0.46
13079,0.78
13086,0.24
13089,0.51
13093,0.38
13097,0.48
13098,0.35
13105,0.28
13107,0.5
13108,0.72
13110,0.36
13112,0.7
13114,0.38
13118,0.3
13127,0.38
13129,0.33
13134,0.73
13142,0.94
13146,0.29
13149,0.4
13152,0.35
13157,0.32
13158,0.55
13159,0.56
13161,0.59
13162,0.38
13166,0.36
13168,0.45
13170,0.72
13186,0.46
13191,0.43
13194,0.41
13200,0.25
13203,0.31
13209,0.38
13212,0.48
13213,0.32
13218,0.85
13222,0.41
13229,0.42
13234,0.44
13257,0.71
13258,0.34
13268,0.31
13270,0.33
13291,0.3
13292,0.18
13299,0.4
13303,0.26
13306,0.31
13307,0.89
13309,0.21
13311,0.54
13312,0.44
13322,0.36
13323,0.48
13324,0.83
13330,0.44
13338,0.41
13344,0.58
13348,0.29
13355,0.44
13356,0.48
13359,0.57
13365,0.85
13368,0.42
13370,0.43
13371,0.44
13372,0.56
13377,0.44
13385,0.39
13389,0.47
13392,0.33
13393,0.56
13395,0.51
13399,0.41
13404,0.39
13410,0.62
13411,0.37
13413,0.33
13416,0.37
13434,0.47
13435,0.44
13445,0.28
13446,0.34
13451,0.83
13462,0.46
13464,0.36
13466,0.39
13471,0.32
13472,0.52
13477,0.3
13481,0.3
13484,0.5
13490,0.43
13492,0.46
13500,0.49
13508,0.35
13516,0.37
13525,0.41
13526,0.51
13530,0.51
13532,0.32
13538,0.31
13546,0.43
13548,0.42
13550,0.82
13551,0.48
13564,0.49
13566,0.61
13570,0.39
13580,0.39
13582,0.53
13585,0.36
13588,0.19
13592,0.59
13594,0.4
13609,0.4
13610,0.66
13612,0.64
13613,0.22
13625,0.37
13626,0.79
13629,0.67
13639,0.8
13645,0.78
13647,0.51
13648,0.29
13652,0.69
13654,0.81
13664,0.57
13673,0.32
13680,0.53
13684,0.38
13690,0.36
13693,0.56
13696,0.55
13700,0.61
13701,0.32
13703,0.46
13707,0.41
13711,0.39
13713,0.29
13714,0.4
13716,0.47
13720,0.37
13725,0.58
13727,0.42
13733,0.28
13738,0.3
13743,0.81
13756,0.37
13757,0.41
13759,0.53
13761,0.79
13767,0.38
13782,0.37
13786,0.37
13787,0.33
13792,0.44
13795,0.62
13798,0.46
13807,0.2
13809,0.58
13811,0.44
13815,0.32
13817,0.55
13818,0.42
13822,0.43
13824,0.26
13829,0.51
13832,0.88
13840,0.62
13841,0.57
13851,0.37
13868,0.4
13871,0.69
13878,0.25
13880,0.33
13888,0.56
13890,0.45
13891,0.39
13895,0.41
13907,0.53
13910,0.5
13912,0.59
13913,0.22
13920,0.39
13923,0.35
13927,0.19
13929,0.43
13935,0.59
13936,0.46
13939,0.25
13946,0.44
13950,0.35
13951,0.35
13954,0.45
13956,0.28
13958,0.64
13969,0.4
13980,0.21
13981,0.4
13986,0.51
13987,0.29
13989,0.41
13992,0.48
13994,0.62
14001,0.53
14002,0.31
14004,0.36
14005,0.31
14006,0.32
14012,0.41
14015,0.42
14021,0.45
14024,0.51
14045,0.35
14047,0.62
14057,0.36
14059,0.3
14060,0.36
14066,0.46
14068,0.31
14070,0.39
14074,0.44
14076,0.46
14089,0.43
14101,0.46
14113,0.61
14115,0.37
14116,0.36
14120,0.43
14128,0.48
14131,0.39
14134,0.65
14136,0.4
14137,0.45
14138,0.36
14139,0.67
14152,0.4
14153,0.84
14155,0.38
14156,0.65
14159,0.38
14164,0.42
14165,0.65
14171,0.36
14174,0.43
14175,0.41
14181,0.64
14186,0.75
14189,0.44
14191,0.2
14192,0.47
14201,0.37
14206,0.6
14210,0.53
14214,0.37
14221,0.51
14222,0.64
14230,0.7
14231,0.42
14236,0.49
14241,0.64
14245,0.42
14249,0.36
14251,0.37
14262,0.34
14263,0.36
14265,0.36
14267,0.42
14270,0.89
14276,0.36
14279,0.17
14281,0.38
14285,0.58
14289,0.56
14290,0.55
14293,0.39
14295,0.61
14296,0.48
14297,0.53
14298,0.71
14310,0.21
14312,0.67
14313,0.38
14315,0.78
14318,0.54
14319,0.37
14322,0.45
14325,0.54
14331,0.25
14334,0.36
14341,0.4
14343,0.9
14344,0.4
14345,0.43
14346,0.44
14347,0.46
14349,0.3
14352,0.43
14358,0.26
14361,0.55
14363,0.6
14364,0.42
14366,0.4
14374,0.38
14376,0.56
14381,0.43
14387,0.37
14398,0.45
14410,0.42
14412,0.45
14415,0.6
14422,0.47
14423,0.4
14425,0.42
14436,0.35
14442,0.58
14444,0.41
14455,0.78
14465,0.45
14469,0.58
14471,0.46
14475,0.7
14479,0.3
14480,0.36
14488,0.28
14491,0.73
14499,0.71
14501,0.44
14516,0.44
14520,0.65
14522,0.61
14523,0.5
14526,0.38
14537,0.66
14538,0.47
14550,0.45
14560,0.37
14561,0.45
14562,0.46
14575,0.67
14586,0.41
14592,0.48
14601,0.55
14602,0.37
14604,0.51
14606,0.45
14613,0.33
14627,0.4
14641,0.5
14652,0.35
14662,0.4
14665,0.54
14673,0.42
14675,0.39
14679,0.56
14683,0.22
14686,0.41
14695,0.44
14705,0.58
14708,0.29
14709,0.58
14710,0.47
14715,0.48
14717,0.42
14723,0.43
14725,0.45
14727,0.56
14728,0.49
14733,0.43
14735,0.47
14743,0.28
14746,0.33
14752,0.61
14757,0.34
14759,0.46
14762,0.31
14763,0.38
14774,0.22
14777,0.57
14778,0.23
14789,0.18
14797,0.29
14798,0.64
14811,0.27
14812,0.4
14818,0.47
14825,0.46
14827,0.35
14829,0.32
14830,0.43
14837,0.29
14839,0.49
14849,0.57
14863,0.3
14869,0.35
14882,0.37
14884,0.47
14886,0.44
14888,0.58
14890,0.35
14904,0.33
14938,0.78
14952,0.41
14958,0.38
14960,0.3
14963,0.31
14972,0.55
14979,0.55
14980,0.23
14986,0.45
14988,0.83
15003,0.43
15006,0.54
15009,0.79
15015,0.4
15024,0.37
15026,0.31
15030,0.52
15036,0.47
15038,0.39
15039,0.43
15047,0.66
15049,0.48
15056,0.83
15060,0.54
15068,0.35
15070,0.41
15073,0.32
15081,0.45
15084,0.34
15088,0.75
15092,0.39
15095,0.37
15097,0.35
15098,0.36
15115,0.35
15120,0.47
15126,0.22
15133,0.39
15143,0.3
15156,0.57
15163,0.43
15164,0.37
15178,0.47
15198,0.9
15200,0.54
15204,0.43
15206,0.52
15208,0.07
15214,0.45
15218,0.52
15231,0.29
15238,0.25
15239,0.3
15240,0.32
15249,0.31
15256,0.33
15260,0.48
15290,0.38
15296,0.56
15298,0.41
15299,0.63
15307,0.91
15308,0.39
15309,0.35
15321,0.44
15323,0.4
15325,0.3
15335,0.42
15342,0.69
15346,0.57
15349,0.5
15354,0.46
15362,0.46
15372,0.57
15379,0.41
15383,0.32
15394,0.22
15399,0.18
15401,0.46
15405,0.5
15407,0.3
15412,0.43
15413,0.37
15415,0.53
15417,0.7
15427,0.47
15430,0.42
15436,0.45
15438,0.16
15439,0.4
15443,0.62
15444,0.43
15445,0.55
15446,0.45
15450,0.31
15456,0.79
15465,0.37
15466,0.39
15468,0.41
15470,0.48
15474,0.36
15476,0.5
15482,0.33
15492,0.38
15498,0.23
15510,0.41
15519,0.48
15523,0.28
15535,0.48
15548,0.86
15561,0.85
15563,0.37
15564,0.49
15566,0.39
15579,0.34
15580,0.36
15581,0.36
15587,0.49
15589,0.32
15591,0.39
15597,0.4
15615,0.59
15620,0.52
15627,0.49
15633,0.68
15636,0.71
15653,0.38
15654,0.49
15662,0.83
15664,0.34
15666,0.32
15667,0.36
15674,0.58
15692,0.47
15700,0.43
15715,0.28
15722,0.56
15736,0.55
15744,0.41
15746,0.28
15758,0.49
15760,0.41
15762,0.25
15766,0.39
15767,0.45
15770,0.3
15788,0.46
15789,0.65
15810,0.42
15818,0.36
15819,0.54
15820,0.35
15830,0.34
15844,0.48
15850,0.16
15857,0.5
15863,0.86
15868,0.49
15869,0.35
15872,0.41
15873,0.26
15876,0.38
15878,0.3
15883,0.6
15884,0.44
15885,0.46
15886,0.25
15891,0.59
15894,0.47
15898,0.52
15900,0.36
15912,0.45
15931,0.42
15932,0.5
15937,0.36
15940,0.55
15944,0.43
15945,0.36
15949,0.4
15960,0.46
15963,0.6
15970,0.36
15977,0.31
15982,0.29
15985,0.35
15995,0.27
16004,0.34
16005,0.58
16006,0.58
16011,0.4
16019,0.79
16021,0.5
16034,0.37
16051,0.73
16060,0.42
16065,0.45
16066,0.43
16070,0.46
16076,0.52
16091,0.44
16094,0.52
16101,0.4
16104,0.67
16113,0.78
16114,0.47
16115,0.7
16127,0.48
16128,0.3
16137,0.36
16138,0.49
16139,0.66
16142,0.29
16144,0.36
16148,0.61
16151,0.37
16154,0.36
16156,0.41
16165,0.43
16166,0.18
16168,0.3
16179,0.58
16193,0.47
16196,0.26
16198,0.25
16210,0.54
16228,0.68
16232,0.34
16237,0.39
16240,0.45
16252,0.39
16259,0.19
16262,0.55
16263,0.38
16270,0.32
16272,0.33
16276,0.41
16290,0.28
16295,0.82
16297,0.49
16299,0.33
16300,0.39
16302,0.38
16303,0.42
16305,0.5
16309,0.37
16312,0.44
16316,0.31
16320,0.39
16326,0.4
16327,0.36
16338,0.34
16342,0.34
16346,0.49
16348,0.38
16355,0.35
16356,0.35
16378,0.54
16382,0.37
16391,0.27
16392,0.23
16395,0.72
16399,0.36
16403,0.38
16408,0.23
16413,0.48
16415,0.51
16417,0.37
16420,0.38
16431,0.24
16439,0.57
16441,0.44
16444,0.43
16446,0.11
16451,0.34
16454,0.3
16456,0.32
16458,0.55
16461,0.46
16462,0.27
16469,0.35
16479,0.68
16484,0.47
16486,0.52
16487,0.24
16491,0.41
16494,0.57
16507,0.56
16508,0.42
16519,0.34
16523,0.21
16526,0.69
16530,0.36
16532,0.41
16535,0.54
16542,0.44
16550,0.61
16555,0.28
16556,0.4
16558,0.42
16567,0.36
16576,0.33
16579,0.55
16580,0.54
16595,0.57
16598,0.42
16600,0.27
16604,0.56
16605,0.61
16607,0.43
16610,0.38
16612,0.83
16617,0.42
16625,0.62
16632,0.56
16634,0.63
16650,0.41
16652,0.31
16654,0.41
16655,0.4
16656,0.47
16657,0.45
16660,0.33
16661,0.94
16662,0.54
16667,0.73
16669,0.41
16673,0.33
16675,0.51
16676,0.45
16678,0.38
16679,0.33
16693,0.4
16701,0.45
16709,0.72
16715,0.14
16722,0.49
16724,0.3
16727,0.55
16735,0.43
16741,0.53
16747,0.35
16752,0.24
16758,0.56
16765,0.33
16771,0.27
16785,0.34
16793,0.45
16800,0.48
16805,0.25
16809,0.36
16818,0.38
16820,0.33
16827,0.41
16830,0.36
16843,0.92
16847,0.45
16855,0.55
16860,0.66
16862,0.6
16863,0.37
16869,0.58
16872,0.28
16874,0.26
16876,0.44
16883,0.35
16893,0.46
16895,0.48
16914,0.59
16917,0.38
16926,0.28
16930,0.42
16931,0.3
16932,0.34
16934,0.5
16937,0.32
16941,0.28
16942,0.91
16957,0.4
16962,0.31
16963,0.17
16967,0.44
16968,0.48
16972,0.42
16974,0.35
16984,0.39
16987,0.37
16994,0.59
16995,0.44
16999,0.29
17000,0.33
17004,0.35
17006,0.66
17034,0.43
17038,0.19
17040,0.37
17050,0.36
17055,0.44
17059,0.53
17066,0.49
17068,0.32
17077,0.4
17079,0.33
17082,0.29
17085,0.53
17087,0.43
17099,0.59
17105,0.32
17108,0.34
17110,0.42
17111,0.28
17116,0.67
17123,0.43
17124,0.3
17130,0.51
17132,0.58
17138,0.35
17143,0.66
17157,0.51
17160,0.52
17166,0.32
17167,0.35
17170,0.24
17179,0.58
17180,0.41
17184,0.29
17189,0.49
17197,0.56
17212,0.34
17219,0.57
17223,0.48
17225,0.46
17229,0.56
17234,0.44
17235,0.38
17239,0.47
17242,0.31
17243,0.54
17246,0.44
17247,0.29
17255,0.48
17258,0.61
17260,0.49
17264,0.37
17270,0.58
17271,0.44
17272,0.35
17285,0.42
17294,0.5
17297,0.49
17298,0.45
17299,0.34
17302,0.78
17306,0.47
17313,0.3
17315,0.44
17324,0.14
17326,0.34
17327,0.4
17330,0.41
17339,0.38
17345,0.31
17350,0.41
17351,0.46
17352,0.19
17371,0.41
17372,0.36
17381,0.53
17385,0.46
17388,0.3
17390,0.41
17392,0.41
17399,0.21
17404,0.37
17407,0.3
17408,0.43
17416,0.32
17418,0.43
17423,0.3
17434,0.7
17438,0.4
17443,0.8
17444,0.35
17447,0.26
17453,0.55
17454,0.26
17460,0.32
17467,0.34
17480,0.4
17488,0.42
17490,0.53
17493,0.43
17498,0.29
17503,0.42
17513,0.38
17517,0.39
17520,0.54
17525,0.42
17533,0.52
17534,0.15
17545,0.45
17553,0.34
17554,0.34
17557,0.29
17563,0.68
17564,0.4
17566,0.37
17576,0.48
17577,0.4
17580,0.62
17582,0.32
17596,0.35
17597,0.43
17602,0.57
17614,0.55
17623,0.41
17624,0.25
17627,0.52
17628,0.34
17630,0.26
17634,0.74
17639,0.34
17640,0.35
17652,0.49
17657,0.48
17661,0.34
17662,0.37
17666,0.25
17678,0.52
17680,0.35
17682,0.48
17687,0.5
17688,0.53
17693,0.47
17696,0.4
17703,0.29
17705,0.32
17711,0.43
17715,0.34
17717,0.33
17721,0.4
17727,0.38
17728,0.24
17737,0.2
17745,0.48
17755,0.33
17764,0.49
17768,0.29
17774,0.33
17777,0.26
17785,0.22
17786,0.59
17789,0.24
17793,0.27
17799,0.43
17802,0.32
17810,0.38
17813,0.36
17819,0.74
17825,0.39
17828,0.29
17833,0.39
17841,0.21
17842,0.38
17844,0.38
17849,0.39
17850,0.75
17855,0.44
17857,0.49
17861,0.21
17862,0.59
17863,0.51
17868,0.45
17876,0.45
17882,0.24
17885,0.3
17893,0.42
17894,0.19
17902,0.41
17903,0.46
17906,0.25
17907,0.36
17911,0.7
17917,0.35
17921,0.5
17932,0.2
17941,0.56
17945,0.21
17949,0.43
17954,0.36
17957,0.24
17958,0.63
17960,0.33
17967,0.73
17975,0.52
17985,0.53
18000,0.64
18002,0.43
18008,0.15
18014,0.36
18015,0.77
18019,0.39
18021,0.33
18022,0.56
18026,0.7
18029,0.31
18030,0.31
18034,0.43
18035,0.26
18036,0.47
18039,0.5
18053,0.47
18066,0.36
18075,0.39
18076,0.35
18079,0.34
18089,0.56
18104,0.5
18110,0.33
18119,0.4
18123,0.37
18124,0.41
18129,0.54
18131,0.4
18133,0.34
18136,0.33
18148,0.43
18152,0.12
18167,0.41
18177,0.31
18178,0.33
18183,0.26
18194,0.36
18197,0.67
18199,0.21
18213,0.16
18214,0.23
18221,0.24
18227,0.28
18235,0.42
18239,0.73
18245,0.38
18248,0.5
18265,0.47
18266,0.4
18267,0.47
18274,0.16
18279,0.55
18283,0.54
18291,0.41
18297,0.18
18302,0.36
18303,0.54
18315,0.38
18324,0.16
18326,0.44
18334,0.35
18336,0.31
18344,0.43
18346,0.32
18347,0.49
18350,0.46
18352,0.42
18353,0.39
18364,0.39
18366,0.49
18373,0.4
18389,0.44
18391,0.53
18393,0.27
18395,0.3
18400,0.52
18405,0.47
18408,0.48
18421,0.43
18425,0.35
18443,0.27
18444,0.43
18451,0.38
18456,0.34
18458,0.66
18460,0.4
18461,0.35
18467,0.64
18468,0.48
18475,0.48
18481,0.42
18485,0.21
18494,0.56
18495,0.89
18508,0.55
18519,0.21
18522,0.33
18530,0.34
18533,0.19
18537,0.37
18542,0.71
18547,0.25
18548,0.25
18553,0.35
18560,0.5
18561,0.3
18565,0.62
18572,0.35
18585,0.55
18593,0.33
18597,0.42
18600,0.51
18601,0.48
18620,0.26
18621,0.36
18625,0.5
18629,0.58
18637,0.2
18649,0.43
18653,0.49
18660,0.15
18671,0.45
18672,0.26
18677,0.44
18681,0.85
18684,0.85
18685,0.29
18686,0.49
18687,0.54
18689,0.39
18690,0.5
18709,0.42
18716,0.73
18723,0.4
18733,0.63
18747,0.22
18759,0.77
18773,0.53
18782,0.34
18797,0.55
18810,0.33
18817,0.45
18820,0.81
18823,0.37
18825,0.22
18836,0.19
18837,0.33
18850,0.35
18857,0.41
18861,0.62
18867,0.43
18870,0.32
18877,0.6
18887,0.46
18888,0.63
18898,0.36
18900,0.32
18914,0.32
18921,0.41
18922,0.53
18926,0.36
18937,0.42
18945,0.41
18947,0.46
18949,0.24
18953,0.31
18954,0.19
18957,0.5
18960,0.45
18965,0.31
18973,0.26
18983,0.47
18990,0.31
18991,0.24
18993,0.36
18995,0.31
18996,0.31
18998,0.22
19003,0.26
19010,0.5
19014,0.49
19015,0.38
19019,0.65
19028,0.49
19036,0.65
19038,0.37
19040,0.39
19046,0.2
19051,0.43
19054,0.86
19056,0.33
19070,0.4
19074,0.34
19078,0.47
19079,0.29
19083,0.46
19085,0.48
19088,0.33
19099,0.64
19124,0.39
19127,0.58
19134,0.39
19141,0.24
19146,0.23
19150,0.28
19159,0.75
19165,0.45
19169,0.4
19170,0.17
19176,0.37
19187,0.34
19189,0.38
19192,0.34
19202,0.42
19208,0.39
19209,0.28
19210,0.57
19216,0.43
19217,0.35
19218,0.54
19223,0.38
19224,0.37
19225,0.38
19228,0.45
19240,0.34
19246,0.46
19266,0.27
19269,0.39
19274,0.19
19275,0.45
19287,0.48
19298,0.41
19303,0.36
19306,0.77
19313,0.44
19325,0.24
19326,0.32
19328,0.54
19330,0.38
19339,0.34
19340,0.42
19342,0.38
19343,0.35
19344,0.41
19348,0.71
19350,0.36
19357,0.33
19361,0.7
19363,0.32
19364,0.43
19371,0.19
19376,0.34
19377,0.26
19381,0.38
19384,0.57
19390,0.54
19402,0.43
19405,0.35
19409,0.47
19418,0.36
19429,0.58
19433,0.35
19446,0.3
19458,0.38
19460,0.44
19462,0.52
19465,0.32
19471,0.29
19472,0.53
19478,0.38
19480,0.38
19487,0.4
19495,0.36
19497,0.59
19500,0.32
19503,0.64
19507,0.44
19517,0.34
19533,0.47
19537,0.45
19541,0.38
19561,0.55
19563,0.43
19566,0.52
19568,0.68
19576,0.37
19577,0.39
19578,0.35
19591,0.35
19597,0.62
19619,0.36
19622,0.54
19623,0.42
19624,0.36
19627,0.41
19629,0.5
19633,0.45
19639,0.2
19641,0.36
19643,0.36
19646,0.57
19649,0.39
19652,0.66
19657,0.35
19659,0.48
19660,0.62
19668,0.9
19678,0.41
19686,0.38
19690,0.26
19694,0.47
19695,0.39
19701,0.45
19702,0.47
19712,0.48
19720,0.44
19730,0.47
19731,0.59
19735,0.3
19739,0.28
19740,0.46
19743,0.31
19750,0.31
19752,0.55
19754,0.35
19762,0.5
19770,0.39
19775,0.56
19777,0.47
19782,0.37
19783,0.52
19786,0.48
19805,0.48
19808,0.51
19810,0.39
19819,0.6
19821,0.33
19827,0.6
19830,0.5
19832,0.52
19833,0.52
19834,0.23
19843,0.43
19844,0.18
19846,0.26
19847,0.35
19849,0.29
19850,0.7
19851,0.41
19861,0.46
19864,0.42
19866,0.47
19873,0.58
19878,0.22
19886,0.27
19892,0.3
19893,0.35
19901,0.24
19902,0.69
19920,0.41
19921,0.29
19922,0.36
19929,0.73
19932,0.58
19935,0.42
19936,0.47
19940,0.53
19946,0.75
19950,0.66
19952,0.34
19955,0.49
19970,0.7
19976,0.37
19983,0.37
19984,0.49
19987,0.27
19991,0.61
19994,0.6
19996,0.47
20007,0.42
20015,0.35
20019,0.37
20021,0.67
20023,0.56
20025,0.63
20034,0.53
20036,0.29
20038,0.36
20039,0.38
20040,0.29
20045,0.68
20046,0.41
20048,0.38
20060,0.61
20062,0.43
20065,0.54
20068,0.3
20074,0.62
20087,0.75
20097,0.3
20111,0.44
20117,0.31
20125,0.35
20129,0.47
20134,0.44
20135,0.22
20139,0.35
20142,0.59
20147,0.39
20154,0.54
20157,0.22
20158,0.35
20162,0.7
20169,0.29
20179,0.25
20202,0.43
20207,0.5
20215,0.51
20216,0.81
20217,0.68
20218,0.68
20219,0.44
20226,0.35
20236,0.25
20239,0.47
20246,0.38
20247,0.46
20253,0.38
20255,0.27
20268,0.33
20270,0.57
20271,0.37
20279,0.54
20280,0.35
20282,0.54
20283,0.38
20295,0.39
20302,0.37
20305,0.57
20306,0.56
20308,0.24
20309,0.62
20311,0.36
20324,0.34
20330,0.38
20335,0.64
20344,0.51
20349,0.7
20356,0.25
20358,0.72
20360,0.28
20362,0.71
20378,0.41
20391,0.58
20394,0.34
20397,0.61
20403,0.5
20405,0.36
20415,0.48
20417,0.24
20420,0.42
20425,0.32
20430,0.56
20435,0.41
20443,0.26
20446,0.45
20458,0.34
20459,0.36
20462,0.35
20467,0.45
20470,0.72
20482,0.66
20489,0.36
20495,0.23
20496,0.29
20497,0.64
20505,0.55
20509,0.9
20520,0.35
20522,0.17
20535,0.29
20539,0.71
20544,0.41
20547,0.4
20554,0.5
20556,0.22
20557,0.48
20566,0.5
20568,0.67
20575,0.47
20577,0.47
20593,0.49
20596,0.34
20597,0.39
20602,0.39
20603,0.42
20609,0.65
20612,0.39
20618,0.38
20621,0.46
20628,0.29
20634,0.66
20637,0.37
20641,0.26
20642,0.56
20647,0.43
20655,0.4
20656,0.27
20661,0.32
20664,0.62
20674,0.67
20679,0.41
20680,0.32
20683,0.81
20687,0.35
20688,0.59
20693,0.14
20695,0.34
20696,0.23
20699,0.16
20701,0.16
20702,0.25
20704,0.35
20721,0.32
20725,0.31
20731,0.45
20737,0.24
20741,0.59
20742,0.32
20753,0.42
20756,0.3
20769,0.32
20771,0.31
20774,0.2
20777,0.44
20781,0.56
20792,0.08
20797,0.39
20808,0.33
20810,0.42
20813,0.3
20820,0.2
20823,0.84
20826,0.48
20829,0.84
20832,0.34
20833,0.3
20837,0.25
20838,0.38
20839,0.23
20840,0.3
20847,0.32
20856,0.76
20861,0.24
20863,0.36
20869,0.89
20875,0.25
20877,0.73
20889,0.28
20894,0.31
20901,0.5
20919,0.52
20923,0.32
20935,0.53
20937,0.32
20939,0.74
20940,0.37
20943,0.25
20946,0.43
20949,0.34
20950,0.44
20958,0.6
20961,0.79
20965,0.45
20967,0.69
20969,0.42
20970,0.3
20974,0.43
20975,0.45
20987,0.17
20995,0.46
20996,0.35
20998,0.56
21002,0.36
21012,0.75
21013,0.63
21014,0.5
21015,0.33
21017,0.35
21020,0.26
21028,0.3
21031,0.38
21036,0.28
21039,0.36
21040,0.23
21048,0.55
21049,0.16
21051,0.37
21054,0.63
21061,0.71
21070,0.39
21072,0.47
21079,0.37
21088,0.43
21090,0.37
21091,0.23
21093,0.38
21104,0.26
21114,0.37
21117,0.38
21120,0.12
21121,0.39
21132,0.13
21136,0.47
21139,0.38
21140,0.3
21146,0.5
21150,0.28
21164,0.29
21177,0.68
21178,0.54
21180,0.74
21198,0.37
21203,0.27
21210,0.38
21217,0.3
21218,0.5
21220,0.29
21222,0.15
21228,0.51
21236,0.4
21239,0.27
21247,0.35
21260,0.31
21265,0.45
21267,0.48
21271,0.25
21279,0.4
21286,0.38
21288,0.52
21294,0.45
21298,0.17
21299,0.43
21300,0.52
21304,0.28
21306,0.16
21307,0.38
21309,0.27
21311,0.34
21326,0.31
21331,0.34
21332,0.75
21342,0.38
21345,0.58
21348,0.73
21353,0.43
21357,0.37
21358,0.44
21369,0.43
21370,0.78
21371,0.38
21373,0.24
21385,0.41
21392,0.43
21401,0.66
21403,0.44
21406,0.75
21413,0.68
21414,0.46
21416,0.68
21423,0.55
21427,0.38
21442,0.54
21443,0.35
21448,0.4
21452,0.32
21459,0.49
21463,0.25
21467,0.38
21474,0.23
21484,0.59
21488,0.36
21495,0.29
21498,0.47
21502,0.47
21503,0.48
21510,0.38
21513,0.51
21516,0.7
21533,0.72
21535,0.38
21539,0.39
21541,0.31
21544,0.39
21554,0.34
21562,0.27
21569,0.23
21572,0.5
21578,0.38
21579,0.29
21580,0.43
21584,0.31
21589,0.64
21594,0.45
21595,0.38
21598,0.3
21599,0.39
21606,0.27
21623,0.4
21630,0.77
21639,0.47
21641,0.28
21645,0.29
21647,0.37
21648,0.25
21657,0.38
21671,0.25
21673,0.4
21677,0.32
21678,0.32
21688,0.21
21696,0.48
21699,0.33
21700,0.23
21703,0.46
21710,0.34
21721,0.35
21727,0.32
21728,0.58
21731,0.48
21741,0.38
21743,0.34
21744,0.58
21748,0.29
21750,0.26
21753,0.3
21756,0.39
21763,0.3
21767,0.54
21768,0.33
21772,0.58
21774,0.26
21775,0.34
21780,0.48
21786,0.27
21787,0.35
21805,0.32
21828,0.31
21831,0.23
21837,0.36
21842,0.5
21846,0.42
21849,0.34
21856,0.34
21858,0.33
21862,0.28
21864,0.27
21867,0.33
21879,0.35
21881,0.4
21883,0.39
21885,0.39
21891,0.32
21892,0.45
21902,0.29
21909,0.34
21910,0.45
21914,0.42
21918,0.16
21919,0.23
21922,0.51
21926,0.41
21930,0.49
21931,0.23
21934,0.41
21940,0.33
21945,0.36
21948,0.53
21953,0.24
21954,0.41
21956,0.28
21963,0.57
21970,0.35
21971,0.41
21981,0.32
21984,0.24
21990,0.36
21997,0.51
21999,0.27
22001,0.27
22002,0.31
22010,0.3
22013,0.31
22022,0.32
22024,0.26
22028,0.24
22029,0.51
22042,0.27
22045,0.23
22049,0.35
22050,0.37
22059,0.3
22064,0.38
22067,0.21
22069,0.43
22074,0.31
22082,0.36
22084,0.37
22090,0.52
22096,0.57
22100,0.26
22105,0.29
22106,0.52
22119,0.3
22126,0.41
22130,0.29
22152,0.51
22155,0.44
22160,0.83
22164,0.23
22170,0.33
22173,0.34
22177,0.29
22186,0.48
22193,0.35
22194,0.4
22195,0.3
22198,0.32
22199,0.3
22206,0.34
22208,0.34
22209,0.24
22210,0.92
22217,0.23
22220,0.38
22222,0.59
22232,0.32
22244,0.19
22245,0.3
22250,0.47
22256,0.61
22261,0.67
22264,0.35
22270,0.43
22279,0.49
22280,0.33
22284,0.32
22288,0.25
22293,0.43
22297,0.96
22302,0.25
22307,0.57
22310,0.24
22316,0.51
22319,0.44
22324,0.23
22326,0.36
22327,0.43
22329,0.32
22331,0.68
22340,0.5
22342,0.39
22347,0.36
22351,0.38
22357,0.23
22358,0.3
22361,0.35
22362,0.77
22365,0.37
22371,0.32
22373,0.47
22391,0.44
22404,0.31
22409,0.34
22411,0.39
22424,0.4
22428,0.39
22436,0.33
22444,0.39
22445,0.29
22451,0.15
22452,0.41
22456,0.22
22463,0.31
22464,0.33
22467,0.65
22472,0.29
22485,0.83
22488,0.47
22491,0.35
22497,0.33
22504,0.58
22505,0.31
22508,0.36
22516,0.22
22522,0.33
22527,0.43
22543,0.77
22549,0.28
22550,0.39
22551,0.36
22557,0.5
22562,0.22
22565,0.3
22567,0.45
22572,0.35
22575,0.3
22578,0.42
22579,0.28
22580,0.33
22581,0.21
22591,0.44
22593,0.3
22597,0.24
22600,0.68
22602,0.43
22603,0.27
22616,0.52
22617,0.36
22622,0.29
22623,0.39
22624,0.49
22628,0.34
22634,0.37
22640,0.29
22641,0.41
22653,0.41
22660,0.21
22672,0.47
22674,0.44
22689,0.35
22694,0.72
22698,0.31
22705,0.31
22709,0.67
22711,0.33
22714,0.67
22715,0.37
22729,0.29
22730,0.35
22733,0.32
22748,0.28
22750,0.32
22754,0.47
22756,0.3
22758,0.46
22767,0.51
22768,0.36
22769,0.39
22776,0.39
22778,0.25
22780,0.45
22782,0.34
22789,0.25
22797,0.42
22799,0.58
22804,0.23
22814,0.28
22818,0.37
22821,0.33
22823,0.32
22831,0.4
22841,0.32
22847,0.39
22848,0.43
22860,0.4
22862,0.3
22869,0.28
22875,0.79
22877,0.55
22887,0.22
22892,0.34
22899,0.36
22900,0.44
22901,0.41
22907,0.5
22909,0.41
22916,0.45
22919,0.28
22922,0.35
22926,0.42
22927,0.35
22928,0.37
22930,0.33
22931,0.41
22934,0.39
22937,0.4
22939,0.67
22949,0.38
22951,0.49
22955,0.34
22956,0.5
22965,0.62
22966,0.64
22968,0.94
22972,0.42
22975,0.41
22978,0.4
22981,0.41
22988,0.39
22994,0.27
22996,0.59
22997,0.34
23003,0.37
23011,0.62
23016,0.38
23028,0.65
23029,0.77
23031,0.27
23035,0.19
23038,0.47
23042,0.56
23049,0.7
23051,0.85
23053,0.27
23057,0.74
23058,0.58
23063,0.38
23064,0.34
23067,0.46
23071,0.53
23075,0.54
23077,0.73
23082,0.37
23090,0.38
23091,0.42
23094,0.78
23097,0.43
23103,0.46
23107,0.67
23117,0.26
23120,0.77
23122,0.3
23124,0.26
23126,0.5
23129,0.44
23136,0.52
23141,0.24
23142,0.5
23147,0.38
23154,0.29
23159,0.45
23162,0.29
23165,0.3
23171,0.82
23173,0.1
23175,0.41
23179,0.8
23182,0.58
23185,0.53
23188,0.29
23189,0.39
23191,0.43
23209,0.42
23214,0.33
23215,0.47
23221,0.55
23228,0.65
23233,0.44
23241,0.45
23252,0.34
23255,0.69
23257,0.49
23263,0.34
23267,0.44
23281,0.28
23282,0.3
23289,0.52
23292,0.62
23295,0.41
23296,0.32
23297,0.3
23301,0.29
23302,0.56
23304,0.2
23309,0.37
23312,0.64
23316,0.28
23321,0.35
23334,0.72
23342,0.25
23344,0.36
23350,0.36
23351,0.37
23367,0.58
23368,0.37
23374,0.33
23378,0.15
23385,0.35
23387,0.38
23388,0.22
23389,0.64
23399,0.53
23403,0.31
23406,0.79
23408,0.42
23414,0.29
23415,0.2
23419,0.83
23436,0.3
23439,0.79
23444,0.41
23445,0.29
23448,0.56
23450,0.35
23455,0.38
23469,0.25
23472,0.35
23477,0.27
23478,0.71
23479,0.35
23481,0.77
23487,0.38
23490,0.28
23491,0.7
23492,0.56
23494,0.36
23496,0.36
23497,0.3
23506,0.42
23515,0.38
23528,0.31
23532,0.33
23548,0.52
23549,0.18
23551,0.27
23552,0.36
23555,0.34
23556,0.35
23559,0.26
23564,0.7
23583,0.35
23592,0.52
23597,0.72
23601,0.14
23605,0.69
23615,0.42
23616,0.31
23619,0.29
23621,0.81
23622,0.33
23626,0.77
23635,0.64
23637,0.48
23640,0.17
23644,0.35
23646,0.32
23655,0.41
23672,0.3
23673,0.27
23682,0.27
23683,0.41
23699,0.42
23702,0.39
23704,0.57
23706,0.42
23707,0.85
23713,0.38
23714,0.19
23716,0.35
23718,0.6
23721,0.35
23727,0.71
23735,0.37
23737,0.41
23744,0.31
23749,0.7
23755,0.41
23769,0.72
23772,0.41
23773,0.2
23774,0.62
23779,0.25
23780,0.46
23782,0.7
23793,0.43
23795,0.42
23797,0.68
23803,0.89
23815,0.75
23828,0.71
23830,0.85
23831,0.5
23833,0.72
23834,0.67
23844,0.33
23845,0.86
23852,0.78
23855,0.71
23857,0.28
23867,0.25
23872,0.6
23874,0.71
23880,0.3
23883,0.93
23886,0.25
23898,0.31
23900,0.25
23903,0.32
23904,0.22
23907,0.31
23908,0.4
23912,0.37
23916,0.39
23917,0.58
23918,0.38
23922,0.33
23928,0.32
23940,0.52
23944,0.38
23945,0.45
23947,0.31
23951,0.33
23956,0.23
23962,0.62
23966,0.36
23970,0.26
23971,0.41
23976,0.44
23980,0.31
23987,0.89
23988,0.29
23993,0.41
23997,0.47
23998,0.36
23999,0.85
24010,0.62
24015,0.57
24023,0.24
24026,0.43
24027,0.65
24033,0.35
24046,0.88
24060,0.32
24062,0.43
24065,0.74
24067,0.35
24070,0.68
24071,0.26
24073,0.36
24079,0.26
24082,0.77
24084,0.45
24089,0.35
24094,0.24
24096,0.3
24100,0.34
24105,0.26
24106,0.34
24108,0.57
24111,0.81
24117,0.59
24120,0.54
24125,0.28
24134,0.62
24140,0.48
24151,0.37
24153,0.17
24154,0.39
24156,0.3
24161,0.32
24162,0.59
24165,0.18
24166,0.3
24170,0.48
24173,0.58
24176,0.46
24181,0.3
24182,0.81
24187,0.25
24188,0.45
24190,0.29
24201,0.8
24211,0.59
24215,0.78
24216,0.89
24219,0.4
24221,0.79
24222,0.51
24238,0.66
24240,0.87
24243,0.3
24245,0.35
24247,0.5
24251,0.29
24256,0.91
24258,0.3
24261,0.48
24263,0.37
24264,0.3
24266,0.26
24273,0.48
24278,0.31
24289,0.88
24292,0.32
24293,0.33
24298,0.97
24299,0.47
24303,0.61
24304,0.38
24305,0.34
24323,0.38
24329,0.31
24341,0.28
24345,0.74
24350,0.36
24353,0.37
24358,0.95
24361,0.42
24364,0.6
24367,0.39
24370,0.6
24377,0.45
24380,0.32
24381,0.33
24387,0.37
24390,0.96
24391,0.39
24408,0.31
24409,0.91
24413,0.43
24416,0.43
24427,0.67
24434,0.45
24439,0.28
24443,0.4
24448,0.37
24454,0.79
24455,0.33
24461,0.42
24463,0.66
24464,0.38
24468,0.3
24469,0.38
24499,0.81
24501,0.5
24508,0.42
24517,0.35
24519,0.34
24520,0.92
24538,0.66
24540,0.54
24550,0.33
24552,0.41
24561,0.29
24577,0.7
24579,0.57
24580,0.5
24582,0.35
24590,0.23
24591,0.3
24592,0.47
24599,0.31
24602,0.29
24606,0.3
24611,0.63
24612,0.3
24617,0.4
24619,0.48
24623,0.69
24630,0.18
24633,0.8
24634,0.67
24635,0.3
24638,0.43
24641,0.49
24643,0.4
24644,0.5
24645,0.81
24649,0.46
24650,0.39
24652,0.46
24655,0.47
24656,0.42
24661,0.26
24663,0.6
24667,0.38
24669,0.56
24670,0.55
24682,0.34
24695,0.61
24698,0.41
24699,0.58
24702,0.26
24703,0.7
24710,0.41
24717,0.32
24724,0.78
24728,0.36
24731,0.3
24737,0.45
24740,0.26
24743,0.38
24744,0.93
24755,0.72
24757,0.32
24761,0.33
24765,0.48
24766,0.4
24776,0.52
24787,0.89
24789,0.31
24791,0.21
24792,0.36
24804,0.18
24807,0.64
24812,0.19
24816,0.42
24817,0.44
24820,0.42
24828,0.45
24831,0.32
24832,0.31
24836,0.41
24842,0.64
24846,0.57
24847,0.33
24848,0.93
24851,0.72
24855,0.66
24856,0.36
24871,0.6
24873,0.37
24874,0.4
24877,0.26
24885,0.17
24889,0.32
24892,0.23
24897,0.5
24899,0.78
24908,0.28
24913,0.75
24918,0.63
24923,0.47
24933,0.42
24936,0.35
24948,0.5
24951,0.53
24969,0.26
24971,0.33
24973,0.96
24993,0.75
24996,0.48
24998,0.4
25000,0.86
25001,0.9
25002,0.34
25003,0.92
25009,0.35
25024,0.35
25026,0.34
25027,0.87
25030,0.54
25034,0.31
25037,0.61
25038,0.38
25043,0.54
25050,0.31
25055,0.48
25057,0.34
25067,0.51
25072,0.59
25075,0.28
25079,0.89
25081,0.28
25085,0.41
25086,0.29
25093,0.23
25097,0.41
25103,0.51
25104,0.49
25109,0.28
25112,0.68
25113,0.35
25114,0.43
25119,0.32
25121,0.61
25122,0.53
25124,0.64
25131,0.23
25134,0.31
25140,0.37
25141,0.37
25144,0.38
25147,0.8
25148,0.64
25149,0.45
25155,0.48
25169,0.6
25177,0.58
25178,0.28
25179,0.33
25180,0.62
25191,0.74
25199,0.49
25232,0.29
25241,0.35
25242,0.38
25243,0.44
25246,0.47
25259,0.55
25263,0.3
25265,0.67
25278,0.73
25280,0.31
25281,0.39
25284,0.45
25286,0.78
25288,0.5
25318,0.92
25330,0.67
25333,0.34
25337,0.32
25339,0.25
25340,0.67
25346,0.42
25349,0.76
25351,0.39
25353,0.28
25361,0.71
25364,0.2
25366,0.37
25368,0.84
25369,0.4
25370,0.46
25375,0.18
25376,0.85
25377,0.2
25379,0.39
25382,0.82
25386,0.84
25389,0.76
25399,0.38
25400,0.92
25401,0.7
25407,0.41
25409,0.38
25412,0.34
25416,0.45
25418,0.35
25423,0.33
25428,0.63
25436,0.3
25439,0.25
25442,0.29
25445,0.94
25446,0.43
25453,0.33
25456,0.57
25458,0.6
25460,0.41
25461,0.27
25468,0.68
25469,0.3
25470,0.27
25471,0.41
25475,0.36
25480,0.76
25482,0.38
25501,0.7
25504,0.45
25511,0.25
25515,0.35
25516,0.39
25518,0.42
25528,0.43
25531,0.31
25533,0.31
25543,0.26
25548,0.4
25553,0.55
25564,0.27
25571,0.43
25572,0.77
25576,0.19
25577,0.5
25587,0.38
25588,0.31
25591,0.41
25596,0.34
25598,0.4
25607,0.38
25611,0.35
25617,0.23
25618,0.62
25620,0.36
25621,0.2
25623,0.32
25626,0.34
25628,0.32
25633,0.55
25637,0.41
25644,0.43
25651,0.39
25662,0.41
25663,0.4
25673,0.52
25678,0.39
25685,0.37
25688,0.38
25691,0.46
25702,0.55
25706,0.38
25707,0.44
25710,0.6
25719,0.9
25723,0.39
25725,0.41
25731,0.42
25732,0.26
25735,0.65
25740,0.47
25759,0.29
25761,0.34
25769,0.2
25772,0.73
25774,0.29
25779,0.73
25781,0.5
25784,0.81
25790,0.84
25796,0.44
25803,0.4
25806,0.42
25816,0.39
25830,0.46
25847,0.49
25850,0.44
25852,0.65
25856,0.3
25861,0.2
25866,0.48
25867,0.61
25868,0.34
25869,0.51
25877,0.8
25878,0.38
25890,0.51
25898,0.94
25899,0.46
25906,0.88
25907,0.74
25913,0.33
25915,0.86
25928,0.22
25932,0.56
25934,0.49
25938,0.46
25939,0.43
25946,0.66
25951,0.49
25959,0.6
25961,0.42
25964,0.49
25969,0.45
25978,0.26
25980,0.31
25986,0.37
25992,0.37
25998,0.45
26000,0.37
26002,0.33
26006,0.37
26009,0.5
26016,0.8
26023,0.8
26038,0.6
26041,0.47
26043,0.49
26050,0.49
26051,0.92
26053,0.36
26057,0.43
26060,0.26
26062,0.38
26064,0.47
26067,0.93
26068,0.36
26072,0.43
26074,0.34
26075,0.29
26081,0.53
26108,0.57
26112,0.85
26113,0.3
26115,0.4
26122,0.37
26135,0.22
26136,0.48
26139,0.31
26147,0.59
26155,0.45
26162,0.59
26165,0.4
26173,0.34
26177,0.32
26179,0.36
26184,0.38
26190,0.48
26204,0.34
26205,0.1
26212,0.62
26215,0.37
26223,0.38
26227,0.5
26232,0.6
26237,0.6
26243,0.28
26246,0.31
26248,0.73
26249,0.45
26260,0.42
26263,0.5
26267,0.74
26269,0.47
26271,0.57
26273,0.46
26282,0.4
26286,0.39
26297,0.33
26306,0.55
26309,0.41
26313,0.36
26319,0.4
26329,0.48
26330,0.7
26333,0.45
26337,0.65
26341,0.43
26361,0.76
26365,0.44
26366,0.84
26367,0.41
26376,0.9
26378,0.66
26382,0.42
26386,0.4
26389,0.38
26391,0.52
26400,0.3
26401,0.59
26407,0.36
26415,0.27
26419,0.39
26421,0.84
26422,0.34
26423,0.58
26424,0.55
26441,0.63
26442,0.23
26444,0.36
26446,0.74
26447,0.24
26448,0.38
26451,0.44
26459,0.37
26465,0.66
26466,0.56
26474,0.45
26476,0.3
26481,0.43
26487,0.81
26501,0.48
26503,0.68
26513,0.64
26517,0.47
26527,0.59
26534,0.55
26535,0.81
26545,0.34
26550,0.26
26558,0.49
26571,0.55
26572,0.55
26573,0.62
26575,0.3
26578,0.34
26583,0.66
26584,0.56
26590,0.23
26593,0.42
26602,0.39
26606,0.4
26608,0.38
26613,0.67
26615,0.27
26616,0.43
26618,0.32
26619,0.41
26628,0.93
26630,0.48
26635,0.45
26645,0.37
26648,0.26
26651,0.37
26653,0.45
26660,0.4
26663,0.36
26664,0.41
26665,0.48
26667,0.25
26673,0.38
26675,0.26
26676,0.37
26677,0.36
26679,0.47
26687,0.5
26689,0.54
26697,0.53
26732,0.29
26737,0.79
26747,0.82
26748,0.49
26749,0.51
26754,0.69
26759,0.35
26760,0.63
26765,0.47
26769,0.34
26771,0.38
26776,0.4
26778,0.47
26780,0.59
26783,0.22
26785,0.57
26800,0.39
26804,0.43
26812,0.37
26816,0.25
26823,0.78
26830,0.31
26834,0.62
26836,0.58
26841,0.46
26845,0.4
26849,0.38
26854,0.68
26858,0.41
26860,0.24
26866,0.25
26871,0.37
26873,0.52
26891,0.46
26905,0.46
26907,0.45
26920,0.53
26924,0.33
26930,0.22
26941,0.38
26942,0.51
26944,0.3
26949,0.7
26952,0.88
26956,0.36
26973,0.34
26977,0.39
26989,0.45
26993,0.47
26997,0.48
26999,0.43
27013,0.32
27021,0.34
27023,0.42
27025,0.03
27027,0.42
27031,0.41
27032,0.61
27034,0.31
27036,0.4
27045,0.35
27050,0.32
27051,0.64
27055,0.58
27056,0.42
27057,0.34
27060,0.33
27061,0.8
27066,0.72
27070,0.24
27073,0.34
27077,0.3
27085,0.42
27086,0.25
27099,0.59
27105,0.66
27109,0.22
27125,0.32
27135,0.45
27139,0.46
27140,0.77
27141,0.43
27142,0.3
27144,0.37
27148,0.4
27154,0.41
27160,0.44
27162,0.68
27175,0.44
27176,0.54
27177,0.35
27178,0.41
27197,0.53
27201,0.47
27204,0.36
27205,0.48
27206,0.3
27207,0.32
27208,0.44
27216,0.46
27224,0.28
27230,0.3
27234,0.44
27238,0.33
27241,0.28
27249,0.91
27251,0.48
27252,0.41
27256,0.68
27257,0.5
27263,0.35
27268,0.4
27269,0.32
27271,0.35
27276,0.36
27279,0.68
27288,0.47
27295,0.42
27299,0.69
27302,0.31
27304,0.45
27316,0.3
27318,0.35
27330,0.4
27333,0.4
27335,0.41
27336,0.55
27339,0.35
27341,0.61
27342,0.36
27345,0.38
27347,0.32
27354,0.36
27361,0.21
27375,0.69
27387,0.67
27390,0.59
27392,0.93
27399,0.42
27403,0.35
27410,0.64
27412,0.42
27413,0.29
27423,0.35
27427,0.64
27429,0.37
27432,0.52
27436,0.44
27437,0.38
27441,0.43
27444,0.62
27445,0.36
27448,0.51
27454,0.37
27455,0.36
27459,0.43
27465,0.39
27468,0.58
27477,0.47
27478,0.8
27479,0.49
27481,0.74
27483,0.46
27486,0.38
27498,0.45
27505,0.34
27507,0.45
27509,0.43
27514,0.36
27517,0.51
27527,0.88
27535,0.37
27544,0.34
27545,0.37
27556,0.47
27563,0.35
27565,0.51
27569,0.43
27584,0.37
27585,0.48
27589,0.35
27592,0.46
27600,0.27
27605,0.34
27608,0.63
27609,0.22
27611,0.44
27621,0.39
27626,0.48
27628,0.27
27629,0.41
27645,0.82
27651,0.35
27654,0.45
27656,0.49
27663,0.57
27667,0.92
27673,0.25
27677,0.35
27678,0.22
27680,0.43
27681,0.57
27684,0.3
27688,0.33
27696,0.34
27705,0.4
27706,0.39
27707,0.48
27709,0.39
27720,0.29
27722,0.37
27724,0.32
27733,0.36
27734,0.26
27739,0.41
27746,0.55
27748,0.35
27751,0.85
27755,0.39
27757,0.6
27777,0.34
27783,0.23
27795,0.36
27805,0.35
27810,0.71
27811,0.34
27815,0.35
27820,0.25
27823,0.23
27825,0.29
27830,0.44
27853,0.23
27855,0.29
27856,0.39
27865,0.54
27868,0.5
27873,0.5
27883,0.36
27885,0.41
27887,0.58
27890,0.49
27899,0.51
27921,0.35
27924,0.37
27927,0.25
27929,0.36
27932,0.35
27943,0.65
27945,0.61
27952,0.29
27957,0.7
27960,0.44
27966,0.3
27968,0.61
27980,0.69
27984,0.45
27993,0.48
27994,0.37
27995,0.43
28002,0.44
28004,0.55
28006,0.41
28015,0.62
28028,0.43
28042,0.62
28043,0.45
28055,0.48
28061,0.28
28063,0.33
28077,0.4
28089,0.4
28090,0.63
28093,0.43
28095,0.32
28096,0.46
28098,0.92
28099,0.39
28110,0.33
28111,0.32
28115,0.52
28123,0.28
28125,0.59
28126,0.69
28129,0.59
28131,0.32
28139,0.42
28145,0.83
28146,0.39
28147,0.36
28153,0.53
28155,0.32
28160,0.34
28166,0.38
28167,0.55
28169,0.35
28176,0.3
28181,0.59
28184,0.53
28185,0.35
28187,0.73
28189,0.27
28193,0.34
28195,0.75
28203,0.34
28206,0.4
28209,0.45
28210,0.37
28211,0.41
28216,0.43
28223,0.36
28224,0.64
28231,0.37
28234,0.38
28235,0.47
28248,0.35
28250,0.33
28255,0.41
28266,0.39
28277,0.34
28286,0.41
28288,0.43
28289,0.4
28290,0.37
28296,0.26
28300,0.8
28306,0.43
28307,0.29
28309,0.33
28312,0.24
28323,0.41
28327,0.39
28336,0.36
28345,0.32
28355,0.62
28361,0.32
28362,0.42
28365,0.32
28371,0.7
28374,0.26
28377,0.42
28380,0.38
28381,0.62
28382,0.29
28385,0.56
28393,0.48
28394,0.53
28405,0.46
28413,0.31
28426,0.58
28428,0.5
28429,0.59
28431,0.64
28442,0.38
28445,0.35
28448,0.4
28449,0.33
28457,0.82
28459,0.63
28462,0.48
28465,0.33
28470,0.27
28478,0.4
28490,0.47
28492,0.41
28499,0.32
28500,0.38
28504,0.74
28506,0.67
28509,0.41
28513,0.49
28516,0.48
28519,0.77
28524,0.39
28526,0.44
28527,0.34
28528,0.41
28533,0.35
28547,0.19
28548,0.28
28551,0.41
28563,0.57
28564,0.42
28566,0.39
28568,0.47
28579,0.5
28580,0.46
28589,0.43
28590,0.81
28606,0.36
28610,0.42
28613,0.35
28615,0.39
28619,0.77
28629,0.43
28633,0.44
28635,0.63
28646,0.61
28648,0.53
28651,0.35
28660,0.7
28681,0.6
28683,0.51
28688,0.29
28693,0.51
28696,0.35
28703,0.42
28709,0.33
28712,0.7
28718,0.37
28719,0.45
28727,0.45
28730,0.45
28732,0.82
28740,0.19
28747,0.55
28752,0.6
28757,0.49
28764,0.51
28765,0.45
28770,0.61
28772,0.58
28775,0.35
28783,0.36
28786,0.44
28796,0.43
28799,0.45
28806,0.33
28807,0.4
28815,0.42
28818,0.4
28820,0.38
28823,0.41
28824,0.42
28831,0.86
28834,0.35
28841,0.35
28845,0.36
28848,0.55
28850,0.46
28871,0.3
28880,0.7
28882,0.37
28884,0.49
28904,0.51
28906,0.63
28907,0.45
28919,0.54
28920,0.46
28928,0.34
28935,0.21
28936,0.35
28945,0.25
28950,0.43
28957,0.53
28963,0.35
28974,0.44
28980,0.55
28988,0.53
28990,0.4
28999,0.37
29001,0.48
29004,0.16
29006,0.32
29012,0.45
29018,0.49
29027,0.45
29030,0.16
29032,0.43
29039,0.28
29043,0.62
29052,0.35
29056,0.4
29060,0.5
29064,0.39
29068,0.39
29069,0.27
29074,0.42
29076,0.37
29078,0.19
29081,0.34
29085,0.38
29088,0.61
29091,0.23
29092,0.52
29093,0.3
29094,0.37
29108,0.52
29110,0.38
29114,0.53
29115,0.34
29118,0.34
29125,0.36
29127,0.66
29130,0.55
29140,0.5
29150,0.27
29152,0.41
29153,0.47
29155,0.4
29161,0.59
29165,0.42
29167,0.59
29173,0.43
29174,0.39
29180,0.44
29185,0.48
29190,0.38
29192,0.77
29193,0.53
29194,0.32
29199,0.39
29220,0.32
29231,0.39
29234,0.51
29237,0.4
29240,0.3
29247,0.39
29256,0.33
29275,0.48
29278,0.4
29280,0.57
29286,0.44
29288,0.56
29305,0.43
29327,0.61
29329,0.53
29331,0.46
29333,0.41
29335,0.37
29342,0.88
29344,0.36
29352,0.32
29353,0.41
29358,0.38
29360,0.43
29362,0.51
29373,0.38
29389,0.49
29392,0.61
29393,0.44
29395,0.85
29401,0.4
29403,0.33
29405,0.31
29410,0.25
29420,0.33
29423,0.32
29427,0.6
29429,0.25
29432,0.46
29440,0.69
29447,0.37
29448,0.29
29452,0.32
29455,0.49
29461,0.41
29466,0.34
29474,0.44
29476,0.45
29479,0.66
29486,0.43
29494,0.32
29497,0.43
29505,0.39
29511,0.46
29516,0.52
29522,0.32
29523,0.43
29524,0.39
29529,0.57
29532,0.41
29533,0.25
29535,0.35
29548,0.27
29551,0.31
29562,0.47
29563,0.2
29574,0.56
29575,0.26
29592,0.41
29599,0.49
29601,0.31
29608,0.26
29613,0.42
29620,0.49
29630,0.67
29637,0.41
29638,0.39
29643,0.43
29648,0.3
29651,0.28
29657,0.32
29659,0.33
29662,0.32
29663,0.34
29665,0.41
29671,0.48
29699,0.43
29700,0.48
29706,0.47
29715,0.44
29716,0.49
29717,0.61
29721,0.56
29731,0.68
29732,0.6
29735,0.44
29738,0.49
29739,0.36
29742,0.6
29747,0.77
29749,0.62
29754,0.7
29765,0.4
29773,0.54
29777,0.46
29779,0.27
29783,0.38
29786,0.37
29805,0.46
29808,0.47
29811,0.34
29812,0.36
29815,0.34
29819,0.3
29827,0.4
29833,0.42
29847,0.45
29854,0.53
29856,0.37
29859,0.35
29864,0.45
29865,0.44
29867,0.36
29879,0.39
29884,0.38
29885,0.32
29894,0.44
29897,0.52
29900,0.49
29910,0.65
29926,0.46
29928,0.29
29930,0.24
29935,0.62
29942,0.29
29951,0.46
29953,0.49
29962,0.4
29968,0.41
29970,0.53
29974,0.58
29980,0.56
29982,0.46
29987,0.23
29993,0.47
30001,0.54
30005,0.43
30015,0.51
30030,0.35
30034,0.21
30041,0.38
30044,0.4
30058,0.2
30061,0.52
30062,0.8
30064,0.33
30065,0.4
30069,0.36
30074,0.52
30076,0.33
30080,0.42
30086,0.31
30087,0.35
30092,0.33
30093,0.52
30096,0.45
30097,0.48
30098,0.44
30102,0.7
30106,0.42
30108,0.66
30110,0.39
30111,0.89
30122,0.4
30128,0.23
30130,0.65
30131,0.31
30132,0.51
30135,0.41
30137,0.53
30149,0.71
30157,0.7
30158,0.22
30162,0.46
30170,0.59
30174,0.34
30185,0.43
30195,0.57
30196,0.45
30204,0.56
30207,0.7
30209,0.43
30212,0.48
30216,0.43
30221,0.41
30225,0.47
30229,0.49
30231,0.58
30232,0.52
30233,0.44
30237,0.6
30239,0.64
30242,0.48
30244,0.39
30249,0.41
30262,0.4
30265,0.57
30266,0.39
30281,0.88
30286,0.24
30292,0.45
30303,0.2
30320,0.41
30321,0.41
30322,0.44
30328,0.73
30355,0.4
30356,0.34
30372,0.47
30375,0.32
30376,0.51
30379,0.28
30384,0.36
30386,0.47
30387,0.39
30394,0.47
30395,0.41
30396,0.3
30397,0.29
30402,0.44
30405,0.38
30411,0.39
30413,0.32
30416,0.56
30420,0.47
30422,0.52
30432,0.29
30434,0.37
30438,0.42
30444,0.27
30446,0.62
30447,0.33
30455,0.28
30457,0.4
30459,0.37
30463,0.54
30468,0.64
30477,0.38
30478,0.42
30481,0.47
30482,0.53
30487,0.47
30491,0.52
30492,0.47
30496,0.63
30501,0.33
30506,0.28
30511,0.36
30513,0.42
30516,0.29
30520,0.33
30531,0.47
30542,0.68
30543,0.35
30555,0.3
30557,0.38
30568,0.4
30570,0.79
30581,0.39
30584,0.47
30591,0.34
30594,0.53
30614,0.51
30617,0.47
30618,0.66
30626,0.44
30630,0.53
30631,0.4
30632,0.4
30634,0.34
30636,0.44
30637,0.54
30639,0.51
30647,0.48
30649,0.44
30656,0.36
30660,0.43
30665,0.31
30669,0.36
30680,0.45
30681,0.4
30682,0.31
30683,0.49
30687,0.63
30688,0.34
30694,0.54
